SET SQL_MODE = "NO_AUTO_VALUE_ON_ZERO";
START TRANSACTION;
SET time_zone = "+00:00";

INSERT INTO `category` (`id`, `code`, `name`, `icon`) VALUES
(19, '3119', 'Food Processing', 'food'),
(20, '0', 'Bottled Water', 'cup-water'),
(21, '0', 'Restaurant Group', 'silverware'),
(22, '0', 'Fast Food Restaurant', 'food'),
(24, '0', 'Pizza Restaurant', 'pizza'),
(25, '0', 'Italian Food', 'pasta'),
(26, '0', 'Beverages', 'cup'),
(27, '0', 'Snack Food', 'food-croissant'),
(28, '0', 'Packaged Meals', 'package'),
(29, '0', 'Breakfast Food', 'bread-slice'),
(30, '0', 'Dairy', 'cow'),
(31, '0', 'Dips and Spreads', 'bowl-mix'),
(32, '0', 'Consumer Goods', 'shopping'),
(33, '0', 'Physical Games', 'cards'),
(34, '0', 'Technology', 'laptop'),
(35, '0', 'Bookstore', 'bookshelf'),
(36, '0', 'Social Catalog', 'tag-multiple'),
(37, '0', 'Supermarket', 'cart'),
(38, '0', 'Fabric Store', 'store'),
(39, '0', 'Children\'s Apparel', 'human-child'),
(40, '0', 'Clothing Brand', 'tshirt-crew'),
(41, '0', 'Film Database', 'database-search'),
(42, '0', 'Live Streaming', 'video-wireless'),
(43, '0', 'Shoe Store', 'shoe-formal'),
(44, '0', 'Clothing Retailer', 'tshirt-crew'),
(45, '0', 'Online Retailer', 'basket-fill'),
(46, '0', 'Digital Distribution', 'video-wireless'),
(47, '0', 'Book Publishing', 'book-multiple'),
(48, '0', 'Comparison Shopping', 'cart'),
(49, '0', 'Web Traffic Analysis', 'vector-polyline'),
(50, '0', 'Video Game Studio', 'gamepad-variant'),
(51, '0', 'Robotics', 'robot'),
(52, '0', 'Microelectronics', 'lightning-bolt'),
(53, '0', 'Home Security', 'webcam'),
(54, '0', 'Digital Photography', 'camera-wireless'),
(55, '0', 'Pharmacy', 'pharmacy'),
(56, '0', 'Cloud Computing', 'cloud'),
(57, '0', 'Video Software', 'video'),
(58, '0', 'Health Services', 'doctor'),
(59, '0', 'Autonomous Vehicles', 'car-connected'),
(60, '0', 'Casual Dining Restaurant', 'silverware-fork-knife'),
(61, '0', 'Restaurant', 'silverware'),
(62, '0', 'Steakhouse', 'food-steak'),
(63, '0', 'Sandwich Restaurant', 'hamburger'),
(64, '0', 'Private Equity Firm', 'account-cash'),
(65, '0', 'Automotive Service', 'car-cog'),
(66, '0', 'Education', 'school'),
(67, '0', 'Ice Cream', 'ice-cream'),
(68, '0', 'Toiletries', 'toothbrush'),
(69, '0', 'Condiments', 'shaker'),
(70, '0', 'Vegan/Vegetarian Foods', 'carrot'),
(71, '0', 'Dessert Foods', 'cupcake'),
(72, '0', 'Sports Blog', 'basketball'),
(73, '0', 'Media Conglomerate', 'filmstrip-box-multiple'),
(74, '0', 'Entertainment', 'emoticon-excited'),
(75, '0', 'Film Studio', 'video'),
(76, '0', 'Brand Licensor', 'file-lock'),
(77, '0', 'TV Network', 'television'),
(78, '0', 'Non-profit', 'currency-usd-off'),
(79, '0', 'Telecommunications', 'phone'),
(80, '0', 'Video Streaming', 'video-wireless'),
(81, '0', 'Music Publishing', 'music-box-multiple'),
(82, '0', 'Record Label', 'music-box'),
(83, '0', 'Animation Studio', 'animation'),
(84, '0', 'Internet', 'router-wireless'),
(85, '0', 'Entrepreneur', 'baby'),
(86, '0', 'Newspaper', 'newspaper-variant'),
(87, '0', 'Mass Media', 'filmstrip'),
(88, '0', 'Food Media', 'food'),
(89, '0', 'Magazine', 'book'),
(90, '0', 'Technology News', 'newspaper-variant'),
(91, '0', 'Music Website', 'album'),
(92, NULL, 'Baby Food', 'baby-bottle'),
(93, NULL, 'Pet Supplies', 'dog'),
(94, NULL, 'Frozen Food', 'fridge'),
(96, NULL, 'Baking', 'food-croissant'),
(98, NULL, 'Tex-Mex Food', 'taco'),
(99, NULL, 'Canned Foods', 'food'),
(100, NULL, 'Organic Foods', 'food-apple'),
(101, NULL, 'Chinese Food', 'noodles'),
(103, NULL, 'Meat', 'food-drumstick'),
(104, NULL, 'Box Office', 'ticket'),
(105, '0', 'Review Aggregator', 'plus-box-multiple'),
(106, NULL, 'Video Game Journalism', 'gamepad-variant'),
(107, NULL, 'Video Game Website', 'gamepad-variant'),
(108, NULL, 'Comic Studio', 'pen'),
(109, NULL, 'Digital Media', 'video-image'),
(110, NULL, 'Social Media', 'account-plus'),
(111, NULL, 'Aerospace', 'airplane'),
(112, NULL, 'Electronic Vehicles', 'ev-station'),
(113, NULL, 'Construction', 'hard-hat'),
(114, NULL, 'Neurotechnology', 'brain'),
(115, NULL, 'Solar Energy', 'weather-sunny'),
(116, NULL, 'Candy', 'candycane'),
(118, NULL, 'Cleaning', 'hand-water'),
(119, NULL, 'Condoms', 'reproduction'),
(120, '0', 'Food', 'food'),
(121, NULL, 'Journalism', 'pen'),
(122, NULL, 'Video Games', 'gamepad-variant'),
(123, NULL, 'Holding Company', 'trash-can'),
(124, NULL, 'Clothing', 'tshirt-crew'),
(125, NULL, 'Retail', 'store'),
(126, NULL, 'Automotive', 'car'),
(127, NULL, 'Books', 'book-open-page-variant'),
(128, NULL, 'Media', 'film'),
(129, NULL, 'Music', 'music'),
(130, NULL, 'Publishing', 'publish'),
(131, NULL, 'Sports', 'basketball'),
(132, NULL, 'Studio', 'office-building'),
(133, NULL, 'Health', 'stethoscope'),
(134, NULL, 'Conglomerate', 'trash-can'),
(135, NULL, 'Advertising', 'cash-multiple'),
(136, NULL, 'Health Technology', 'medical-bag'),
(137, NULL, 'Smart Phones', 'cellphone'),
(138, NULL, 'Data Science', 'molecule'),
(139, NULL, 'Software', 'monitor'),
(140, NULL, 'Web Software', 'web'),
(141, NULL, 'Artificial Intelligence', 'brain'),
(142, NULL, 'Research & Development', 'microscope'),
(143, NULL, 'Gesture Recognition', 'hand'),
(144, NULL, 'Navigation Software', 'crosshairs-gps'),
(145, NULL, 'Cybersecurity', 'shield-link-variant'),
(146, NULL, 'Travel Software', 'airplane'),
(147, NULL, 'Blogging Platform', 'book'),
(148, NULL, 'Productivity Software', 'calendar'),
(149, NULL, 'Development Software', 'keyboard'),
(150, NULL, 'Confectionary', 'cookie'),
(151, NULL, 'Chocolate', 'cookie'),
(152, NULL, 'Cookies', 'cookie'),
(153, NULL, 'Ridesharing', 'car-connected'),
(154, NULL, 'Food Delivery', 'basket'),
(155, NULL, 'Vehicle for Hire', 'car-key'),
(156, NULL, 'eSports Team', 'gamepad-variant'),
(157, NULL, 'Delivery Service', 'car-side'),
(158, NULL, 'Audio Equipment', 'headphones'),
(159, NULL, 'Home Automation', 'webcam'),
(160, NULL, 'Search Engine', 'magnify'),
(161, NULL, 'Messaging Software', 'chat'),
(162, NULL, 'Virtual Reality', 'virtual-reality'),
(163, NULL, 'Meal Kit', 'package'),
(164, NULL, 'Firearms', 'pistol'),
(165, NULL, 'Bank', 'bank'),
(166, NULL, 'Military Contractor', 'knife-military'),
(167, NULL, 'Computer Hardware', 'monitor'),
(168, NULL, 'Weather Forecasting', 'cloud'),
(169, NULL, 'TV Studio', 'television'),
(170, NULL, 'Anime', 'eye-outline');

INSERT INTO `categoryrelationships` (`parent`, `child`) VALUES
(120, 19),
(122, 106),
(121, 106),
(122, 107),
(19, 99),
(19, 101),
(19, 92),
(19, 94),
(19, 25),
(19, 100),
(19, 27),
(19, 103),
(120, 88),
(121, 88),
(19, 26),
(19, 20),
(19, 29),
(19, 69),
(19, 30),
(30, 67),
(19, 31),
(19, 28),
(19, 98),
(19, 70),
(120, 61),
(61, 60),
(61, 22),
(61, 24),
(61, 63),
(61, 62),
(61, 21),
(123, 21),
(124, 39),
(124, 40),
(124, 44),
(125, 44),
(126, 65),
(126, 59),
(126, 112),
(125, 38),
(124, 43),
(125, 43),
(120, 37),
(125, 37),
(128, 109),
(34, 109),
(34, 54),
(128, 54),
(34, 53),
(34, 84),
(84, 56),
(84, 48),
(84, 46),
(84, 41),
(128, 41),
(84, 42),
(128, 130),
(129, 81),
(130, 81),
(84, 91),
(129, 91),
(121, 91),
(84, 105),
(128, 105),
(84, 110),
(110, 36),
(131, 72),
(84, 72),
(121, 72),
(84, 80),
(109, 80),
(84, 49),
(34, 122),
(109, 122),
(34, 52),
(34, 114),
(34, 51),
(121, 90),
(34, 90),
(34, 79),
(128, 132),
(132, 83),
(132, 108),
(132, 75),
(122, 50),
(132, 50),
(128, 74),
(127, 47),
(128, 47),
(127, 35),
(125, 35),
(128, 104),
(125, 104),
(127, 89),
(128, 89),
(128, 87),
(129, 82),
(121, 86),
(128, 86),
(128, 33),
(133, 58),
(133, 55),
(125, 55),
(125, 45),
(84, 45),
(123, 76),
(123, 64),
(133, 68),
(32, 68),
(133, 119),
(32, 119),
(32, 118),
(32, 93),
(34, 115),
(128, 77),
(123, 134),
(34, 136),
(133, 136),
(79, 137),
(34, 138),
(34, 139),
(139, 57),
(139, 140),
(34, 141),
(34, 142),
(34, 143),
(126, 144),
(139, 144),
(139, 145),
(139, 146),
(111, 146),
(110, 147),
(139, 148),
(139, 149),
(120, 150),
(150, 71),
(150, 116),
(150, 96),
(150, 151),
(150, 152),
(128, 73),
(134, 73),
(126, 153),
(84, 153),
(120, 154),
(126, 154),
(126, 155),
(131, 156),
(122, 156),
(125, 157),
(129, 158),
(34, 159),
(84, 160),
(139, 161),
(34, 162),
(120, 163),
(84, 163),
(157, 163),
(34, 167),
(34, 168),
(132, 169),
(74, 170);

INSERT INTO `entity` (`id`, `name`, `type`, `description`, `iconx`, `icony`) VALUES
(6, 'Kentucky Fried Chicken', 22, NULL, 0, 0),
(7, 'Yum! Brands', 21, NULL, 1, 0),
(10, 'Pizza Hut', 24, NULL, 3, 0),
(11, 'Wendy\'s', 22, 'Wendy\'s is a company that tweets epic clapbacks and uses slave labor. Also they make burgers or something.', NULL, NULL),
(12, 'Arrowhead Water', 20, NULL, 6, 0),
(13, 'Nestlé', 19, NULL, 7, 0),
(14, 'Buitoni', 25, NULL, 8, 0),
(20, 'PepsiCo, Inc.', 19, 'Bepsi.', 9, 0),
(21, 'Taco Bell', 22, '', 2, 0),
(22, 'WingStreet', 22, '', 0, 1),
(23, 'The Habit', 22, '', 4, 0),
(24, 'Quaker Oats Company', 19, '', 1, 1),
(25, 'Gatorade', 26, '', 2, 1),
(26, 'Frito-Lay', 27, '', 3, 1),
(27, 'Tropicana Products, Inc.', 26, '', 4, 1),
(28, 'Rice-A-Roni', 28, '', 5, 1),
(29, 'Aunt Jemima', 29, '', 6, 1),
(30, 'Bluebird Foods Ltd', 27, '', 7, 1),
(31, 'Duyvis', 27, '', 8, 1),
(32, 'Gamesa', 27, '', 9, 1),
(33, 'Lebedyansky', 26, '', 0, 2),
(34, 'Papa Sabritas', 27, '', 1, 2),
(35, 'Sandora', 26, '', 2, 2),
(36, 'Simba (Pty) Ltd.', 27, '', 3, 2),
(37, 'The Smith\'s Snackfood Company', 27, '', 4, 2),
(38, 'SodaStream International Ltd.', 26, '', 5, 2),
(39, 'Tasali Snack Foods', 27, '', 6, 2),
(40, 'Wimm Bill Dann OJSC', 30, '', 7, 2),
(41, 'Cracker Jack', 27, '', 8, 2),
(42, 'Strauss Group Ltd.', 19, '', 9, 2),
(43, 'Sabra Dipping Company, LLC', 31, '', 0, 3),
(44, 'Unilever', 32, '', 1, 3),
(45, 'Lipton', 26, '', 2, 3),
(46, 'Keurig Dr Pepper', 26, '', 3, 3),
(47, '7 Up', 26, '', 4, 3),
(48, 'Mirinda', 26, '', 5, 3),
(49, 'The Coca-Cola Company', 26, '', 6, 3),
(50, 'Dasani', 20, '', 7, 3),
(51, 'Nestea', 26, '', 8, 3),
(52, 'Fanta', 26, '', 9, 3),
(53, 'Energy Brands', 26, '', 0, 4),
(54, 'vitaminwater', 20, '', 1, 4),
(55, 'Smartwater', 20, '', 2, 4),
(56, 'Minute Maid', 26, '', 3, 4),
(57, 'Powerade', 26, '', 4, 4),
(58, 'Fairlife', 30, '', 5, 4),
(59, 'Simply Orange Juice Company', 26, '', 6, 4),
(60, 'Honest Tea', 26, '', 7, 4),
(61, 'Odwalla', 26, '', 8, 4),
(62, 'Cards Against Humanity', 33, '', NULL, NULL),
(63, 'Amazon.com, Inc.', 34, '', 5, 0),
(64, 'Audible', 35, '', 9, 4),
(65, 'Goodreads', 36, '', 1, 5),
(66, 'Whole Foods Market Inc.', 37, '', 0, 5),
(67, 'Fabric.com', 38, '', 2, 5),
(68, 'Carter\'s, Inc.', 39, '', 4, 5),
(69, 'OshKosh B\'gosh', 39, '', 5, 5),
(70, 'Skip Hop Inc.', 39, '', 6, 5),
(71, 'Simple Joys', 39, '', 3, 5),
(72, 'Goodthreads', 40, '', 7, 5),
(73, 'IMDb', 41, '', 8, 5),
(74, 'Box Office Mojo', 41, '', 6, 6),
(75, 'Twitch', 42, '', 9, 5),
(76, 'Zappos.com', 43, '', 0, 6),
(77, 'Shopbop', 44, '', 1, 6),
(78, 'Woot', 45, '', 2, 6),
(79, 'comiXology', 46, '', 3, 6),
(80, 'CreateSpace', 47, '', 4, 6),
(81, 'Daily Ritual', 40, '', 5, 6),
(82, 'AbeBooks', 35, '', 7, 6),
(83, 'BookFinder.com', 48, '', 8, 6),
(84, 'Alexa Internet, Inc.', 49, '', 9, 6),
(85, 'Amazon Game Studios', 50, '', 0, 7),
(86, 'Amazon Robotics', 51, '', 1, 7),
(87, 'Annapurna Labs', 52, '', 2, 7),
(88, 'Blink', 53, '', 3, 7),
(89, 'Book Depository', 35, '', 4, 7),
(90, 'Digital Photography Review', 54, '', 5, 7),
(91, 'PillPack, Inc.', 55, '', 6, 7),
(92, 'Ring Inc.', 53, '', 7, 7),
(93, 'Amazon Web Services', 56, '', 8, 7),
(94, 'AWS Elemental', 57, '', 9, 7),
(95, 'Amazon Publishing', 47, '', 0, 8),
(96, 'Brilliance Publishing', 47, '', 2, 8),
(97, '47North', 47, '', 1, 8),
(98, 'Lake Union Publishing', 47, '', 3, 8),
(99, 'Little A', 47, '', 4, 8),
(100, 'Jet City Comics', 47, '', 5, 8),
(101, 'Thomas & Mercer', 47, '', 6, 8),
(102, 'Skyscape', 47, '', 7, 8),
(103, 'Topple Books', 47, '', 8, 8),
(104, 'Grand Harbor Press', 47, '', 9, 8),
(105, 'Montlake', 47, '', 0, 9),
(106, 'Two Lions', 47, '', 1, 9),
(107, 'Waterfall Press', 47, '', 2, 9),
(108, 'Eero', 34, '', 3, 9),
(109, 'Health Navigator', 58, '', 4, 9),
(110, 'Amazon Care', 58, '', 5, 9),
(111, 'Zoox', 59, '', 6, 9),
(112, 'CloudEndure', 56, '', 7, 9),
(113, 'Aquafina', 20, '', 8, 9),
(115, 'Recipe Unlimited Corporation', 21, '', 12, 0),
(116, 'East Side Mario\'s', 60, '', 10, 0),
(117, 'Harvey\'s', 22, '', 11, 0),
(118, 'Montana\'s BBQ & Bar', 62, '', 13, 0),
(119, 'New York Fries', 22, '', 14, 0),
(120, 'St-Hubert BBQ Ltd', 60, '', 15, 0),
(121, 'Swiss Chalet', 60, '', 16, 0),
(122, 'The Keg', 62, '', 17, 0),
(123, 'Papa Gino\'s, Inc.', 24, '', 18, 0),
(124, 'D\'Angelo Grilled Sandwiches', 63, '', 19, 0),
(125, 'Golden Gate Capital', 64, '', 10, 1),
(126, 'Express Oil Change & Tire Engineers', 65, '', 11, 1),
(127, 'Eddie Bauer, LLC', 44, '', 13, 1),
(128, 'PSEB Group', 44, '', 12, 1),
(129, 'Pacific Sunwear of California, LLC', 40, '', 14, 1),
(130, 'The Learning Experience', 66, '', 15, 1),
(131, 'Bob Evans Restaurants', 61, '', 16, 1),
(132, 'Red Lobster Hospitality LLC', 60, '', 17, 1),
(133, 'California Pizza Kitchen', 24, '', 18, 1),
(134, 'Naked Juice', 26, '', 19, 1),
(135, 'Monster Beverage Corporation', 26, '', 10, 2),
(136, 'ZICO Beverages', 26, '', 11, 2),
(137, 'Gold Peak Tea', 26, '', 12, 2),
(138, 'Barq\'s', 26, '', 13, 2),
(139, 'A&W Root Beer', 26, '', 14, 2),
(140, 'SoBe', 26, '', 15, 2),
(141, 'Brisk', 26, '', 16, 2),
(142, 'Amp Energy', 26, '', 17, 2),
(143, 'Rockstar Energy', 26, '', 18, 2),
(144, 'Miss Vickie\'s', 27, '', 19, 2),
(145, 'Propel Fitness Water', 26, '', 10, 3),
(146, 'bubly', 20, '', 11, 3),
(147, 'KeVita', 26, '', 12, 3),
(148, 'Good Humor-Breyers', 67, '', 13, 3),
(149, 'Knorr', 19, '', 14, 3),
(150, 'Ben & Jerry\'s Homemade Holdings Inc', 67, '', 15, 3),
(151, 'Dove', 68, '', 16, 3),
(152, 'Hellmann\'s', 69, '', 17, 3),
(153, 'Magnum', 67, '', 18, 3),
(154, 'Maille', 69, '', 19, 3),
(155, 'Tazo', 26, '', 10, 4),
(156, 'Axe', 68, '', 11, 4),
(157, 'Vaseline', 68, '', 12, 4),
(158, 'Q-Tips', 68, '', 13, 4),
(159, 'Church & Dwight Co., Inc.', 68, '', 14, 4),
(160, 'Pepsodent', 68, '', 15, 4),
(161, 'Close-Up', 68, '', 16, 4),
(162, 'Sir Kensington\'s', 69, '', 17, 4),
(163, 'Dollar Shave Club', 68, '', 18, 4),
(164, 'Lux', 68, '', 19, 4),
(165, 'The Kraft Heinz Company', 19, '', 11, 5),
(166, 'Kraft Foods', 19, '', 10, 5),
(167, 'H. J. Heinz Company', 19, '', 12, 5),
(168, 'Boca Foods Company', 70, '', 13, 5),
(169, 'Jell-O', 71, '', 14, 5),
(170, 'Planters', 27, '', 15, 5),
(171, 'Barstool Sports', 72, '', NULL, NULL),
(172, 'The Walt Disney Company', 73, '', 0, 10),
(173, 'Marvel Entertainment, LLC', 74, '', 1, 10),
(174, 'Walt Disney Studios', 75, '', 0, 10),
(175, 'Marvel Studios, LLC', 75, '', 1, 10),
(176, 'Pixar Animation Studios', 75, '', 2, 10),
(177, 'Lucasfilm Ltd. LLC', 75, '', 3, 10),
(178, 'LucasArts Entertainment Company, LLC', 76, '', 13, 10),
(179, '20th Century Studios', 75, '', 4, 10),
(180, '20th Century Animation, Inc.', 75, '', 11, 10),
(181, 'Blue Sky Studios, Inc.', 75, '', 12, 10),
(182, 'American Broadcasting Company', 77, '', 5, 10),
(183, 'Walt Disney Television', 73, '', 0, 10),
(184, 'FX', 77, '', 6, 10),
(185, 'National Geographic Society', 78, '', 18, 10),
(186, 'National Geographic Partners, LLC', 77, '', 18, 10),
(187, 'Comcast Corporation', 79, '', 8, 10),
(188, 'NBCUniversal Media, LLC', 73, '', 9, 10),
(189, 'Hulu', 80, '', 7, 10),
(190, 'Disney Media Networks', 73, '', 0, 10),
(191, 'ESPN Inc.', 73, '', 10, 10),
(192, 'Movies Anywhere, LLC.', 46, '', 16, 10),
(193, 'Star India Private Limited', 73, '', 17, 10),
(194, 'Disney Music Group', 81, '', 0, 10),
(195, 'Hollywood Records, Inc.', 82, '', 14, 10),
(196, 'Fox Music', 82, '', 15, 10),
(197, 'Fox Television Animation', 83, '', 19, 10),
(198, 'Naspers Limited', 84, '', 16, 5),
(199, 'Prosus N.V.', 84, '', 17, 5),
(200, 'Tencent Holdings Ltd.', 73, '', 18, 5),
(201, 'Funcom Oslo AS', 50, '', 19, 5),
(202, 'Grinding Gear Games', 50, '', 10, 6),
(203, 'Miniclip', 50, '', 11, 6),
(204, 'Riot Games, Inc.', 50, '', 12, 6),
(205, 'TiMi Studios', 50, '', 13, 6),
(206, 'Jeff Bezos', 85, '', 14, 6),
(207, 'The Washington Post', 86, '', 15, 6),
(208, 'Advance Publications, Inc.', 87, '', 18, 6),
(209, 'Condé Nast', 87, '', 16, 6),
(210, 'Bon Appétit', 88, '', 11, 8),
(211, 'The New Yorker', 89, '', 11, 7),
(212, 'Allure', 89, '', 12, 7),
(213, 'Architectural Digest', 89, '', 13, 7),
(214, 'Ars Technica', 90, '', 14, 7),
(215, 'Wired', 89, '', 15, 7),
(216, 'Glamour', 89, '', 16, 7),
(217, 'them.', 89, '', 17, 7),
(218, 'GQ', 89, '', 18, 7),
(219, 'Vanity Fair', 89, '', 19, 7),
(220, 'Vogue', 89, '', 10, 8),
(221, 'epicurious', 88, '', 10, 7),
(222, 'Teen Vogue', 89, '', 19, 6),
(223, 'Pitchfork', 91, '', 17, 6),
(224, 'Gerber Products Company', 92, '', 13, 8),
(225, 'Maggi', 19, '', 14, 8),
(226, 'Nestlé Purina PetCare', 93, '', 15, 8),
(227, 'General Mills, Inc.', 19, '', 16, 8),
(228, 'Yoplait', 30, '', 17, 8),
(229, 'Totino\'s', 94, '', 18, 8),
(231, 'Pillsbury', 96, '', 19, 8),
(232, 'Nature Valley', 27, '', 10, 9),
(233, 'Old El Paso', 98, '', 11, 9),
(234, 'Progresso', 99, '', 12, 9),
(235, 'Annie\'s Homegrown', 100, '', 13, 9),
(236, 'Betty Crocker', 96, '', 14, 9),
(237, 'Gold Medal Flour', 96, '', 15, 9),
(238, 'Wanchai Ferry', 101, '', 16, 9),
(239, 'PAI Partners', 64, '', 19, 9),
(240, 'Froneri', 67, '', 17, 9),
(241, 'Häagen-Dazs', 67, '', 18, 9),
(242, 'MiO', 26, '', 0, 11),
(243, 'Oscar Mayer', 103, '', 1, 11),
(244, 'Ore-Ida', 94, '', 2, 11),
(245, 'Dreyer\'s Grand Ice Cream Holdings, Inc.', 67, '', 3, 11),
(246, 'Mövenpick Ice Cream', 67, '', 4, 11),
(247, 'Hot Pockets', 94, '', 5, 11),
(248, 'Stouffer\'s', 94, '', 6, 11),
(249, 'DiGiorno', 94, '', 7, 11),
(250, 'Nestlé Waters', 20, '', 11, 11),
(251, 'S.Pellegrino', 20, '', 8, 11),
(252, 'Perrier', 20, '', 9, 11),
(253, 'Poland Spring', 20, '', 10, 11),
(254, 'Sweet Earth Enlightened Foods', 70, '', 12, 11),
(255, 'Universal Pictures', 75, '', 13, 11),
(256, 'DreamWorks Animation', 75, '', 14, 11),
(257, 'Illumination', 75, '', 15, 11),
(258, 'Focus Features LLC', 75, '', 16, 11),
(259, 'Working Title Films', 75, '', 17, 11),
(260, 'NBC', 77, '', 18, 11),
(261, 'Telemundo', 77, '', 19, 11),
(262, 'SYFY', 77, '', 0, 12),
(263, 'USA Network', 77, '', 1, 12),
(264, 'Bravo', 77, '', 2, 12),
(265, 'E!', 77, '', 3, 12),
(266, 'Oxygen', 77, '', 4, 12),
(267, 'AT&T', 73, '', 5, 12),
(268, 'Fandango Media, LLC', 104, '', 6, 12),
(269, 'Rotten Tomatoes', 105, '', 7, 12),
(270, 'MovieTickets.com', 104, '', 8, 12),
(271, 'Vudu', 80, '', 9, 12),
(272, 'ViacomCBS Inc.', 73, '', 10, 12),
(273, 'Paramount Pictures Corporation', 75, '', 11, 12),
(274, 'Miramax, LLC', 75, '', 12, 12),
(275, 'CBS', 77, '', 13, 12),
(276, 'CBS Interactive Inc.', 87, '', 1, 13),
(277, 'Chowhound', 88, '', 14, 12),
(278, 'CNET', 90, '', 15, 12),
(279, 'TV Guide', 74, '', 17, 12),
(280, 'GameSpot', 106, '', 18, 12),
(281, 'GameFAQs', 107, '', 19, 12),
(282, 'Giant Bomb', 107, '', 0, 13),
(283, 'Last.fm', 91, '', 2, 13),
(284, 'Metacritic', 105, '', 3, 13),
(285, 'MetroLyrics', 91, '', 4, 13),
(286, 'MP3.com', 91, '', 5, 13),
(287, 'TV.com', 74, '', 6, 13),
(288, 'ZDNet', 90, '', 7, 13),
(289, 'TechRepublic', 89, '', 8, 13),
(290, 'ViacomCBS Domestic Media Networks', 87, '', 9, 13),
(291, 'Comedy Central', 77, '', 10, 13),
(292, 'CMT', 77, '', 11, 13),
(293, 'Logo TV', 77, '', 12, 13),
(294, 'MTV', 77, '', 13, 13),
(295, 'Pop TV', 77, '', 14, 13),
(296, 'Smithsonian Channel', 77, '', 15, 13),
(297, 'TV Land', 77, '', 16, 12),
(298, 'VH1', 77, '', 16, 13),
(299, 'Nickelodeon', 77, '', 17, 13),
(300, 'Paws, Inc.', 108, '', 18, 13),
(301, 'AwesomenessTV', 77, '', 19, 13),
(302, 'BET', 77, '', 0, 14),
(303, 'Showtime', 77, '', 1, 14),
(304, 'Simon & Schuster', 47, '', 2, 14),
(305, 'Atria Publishing Group', 47, '', 3, 14),
(306, '37 INK', 47, '', 4, 14),
(307, 'Gallery Publishing Group', 47, '', 5, 14),
(308, 'Pocket Books', 47, '', 6, 14),
(309, 'Aladdin Paperbacks', 47, '', 7, 14),
(310, 'VIZ Media LLC.', 47, '', 8, 14),
(311, 'Threshold Editions', 47, '', 9, 14),
(312, 'Warner Media, LLC', 87, '', 10, 14),
(313, 'Warner Bros. Entertainment Inc.', 87, '', 11, 14),
(314, 'TBS', 77, '', 13, 14),
(315, 'TNT', 77, '', 14, 14),
(316, 'truTV', 77, '', 15, 14),
(317, 'Chilevisión', 77, '', 16, 14),
(318, 'Glitz', 77, '', 17, 14),
(319, 'HTV', 77, '', 18, 14),
(320, 'I.Sat', 77, '', 19, 14),
(321, 'Space', 77, '', 0, 15),
(322, 'Home Box Office, Inc.', 74, '', 1, 15),
(323, 'Cinemax', 77, '', 2, 15),
(324, 'Otter Media Holdings, LLC', 109, '', 3, 15),
(325, 'Rooster Teeth Productions, LLC', 109, '', 4, 15),
(326, 'Crunchyroll', 80, '', 5, 15),
(327, 'VRV', 80, '', 6, 15),
(328, 'Fullscreen', 74, '', 7, 15),
(329, 'Hello Sunshine', 87, '', 8, 15),
(330, 'Adult Swim', 77, '', 9, 15),
(331, 'Alloy Entertainment', 87, '', 10, 15),
(332, 'Boomerang', 77, '', 11, 15),
(333, 'Cartoon Network', 77, '', 12, 15),
(334, 'DC Entertainment, Inc.', 108, '', 13, 15),
(335, 'Turner Classic Movies', 77, '', 14, 15),
(336, 'The CW', 77, '', 12, 14),
(337, 'Reddit', 110, '', 12, 8),
(338, 'Elon Musk', 85, '', 15, 15),
(339, 'SpaceX', 111, '', 16, 15),
(340, 'Tesla, Inc.', 112, '', 17, 15),
(341, 'The Boring Company', 113, '', 18, 15),
(342, 'Neuralink Corporation', 114, '', 19, 15),
(343, 'SolarCity', 115, '', 0, 16),
(344, 'Brynwood Partners', 64, '', 1, 16),
(345, 'Hometown Food Company', 19, '', 2, 16),
(346, 'Hungry Jack', 29, '', 3, 16),
(347, 'Harvest Hill Beverage Company', 26, '', 9, 9),
(348, 'Juicy Juice', 26, '', 4, 16),
(349, 'Sunny D', 26, '', 5, 16),
(350, 'Joseph’s Frozen Foods', 94, '', 6, 16),
(351, 'Pearson Candy Company', 116, '', 7, 16),
(352, 'Bit-o-Honey', 116, '', 8, 16),
(353, 'Arm & Hammer', 118, '', 9, 16),
(354, 'OxiClean', 118, '', 10, 16),
(355, 'Brillo', 118, '', 11, 16),
(356, 'Trojan', 119, '', 12, 16),
(357, 'Alphabet Inc.', 134, '', 0, 17),
(358, 'Google LLC', 135, '', 1, 17),
(359, 'YouTube, LLC', 80, '', 2, 17),
(360, 'Stadia Games and Entertainment', 50, '', 3, 17),
(361, 'Typhoon Studios', 50, '', 4, 17),
(362, 'Fitbit, Inc.', 136, '', 5, 17),
(363, 'Android', 137, '', 6, 17),
(364, 'Owlchemy Labs', 50, '', 7, 17),
(365, 'Kaggle', 138, '', 8, 17),
(366, 'Firebase', 140, '', 9, 17),
(367, 'FameBit', 74, '', 10, 17),
(368, 'Google Cloud Platform', 56, '', 11, 17),
(369, 'Orbitera', 56, '', 12, 17),
(370, 'Verily Life Sciences', 136, '', 13, 17),
(371, 'Lift Labs', 136, '', 14, 17),
(372, 'Loon LLC', 84, '', 15, 17),
(373, 'Stackdriver', 56, '', 16, 17),
(374, 'DeepMind Technologies', 141, '', 17, 17),
(375, 'X Development LLC.', 142, '', 18, 17),
(376, 'Flutter', 143, '', 19, 17),
(377, 'Waze', 144, '', 13, 16),
(378, 'Chronicle Security', 145, '', 14, 16),
(379, 'VirusTotal', 145, '', 15, 16),
(380, 'ITA Software', 146, '', 16, 16),
(381, 'DoubleClick', 135, '', 17, 16),
(382, 'reCAPTCHA', 139, '', 18, 16),
(383, 'Blogger', 147, '', 19, 16),
(384, 'Waymo LLC', 59, '', 0, 18),
(385, 'Marc Benioff', 85, '', 2, 18),
(386, 'Salesforce.com, inc', 56, '', 1, 18),
(387, 'Quip', 148, '', 3, 18),
(388, 'Demandware', 56, '', 4, 18),
(389, 'Heroku', 56, '', 5, 18),
(390, 'MuleSoft, LLC.', 149, '', 6, 18),
(391, 'Tableau Software', 138, '', 7, 18),
(392, 'Time', 89, '', 8, 18),
(393, 'Ferrero SpA', 150, '', 9, 18),
(394, 'Nutella', 31, '', 10, 18),
(395, 'Tic Tac', 116, '', 11, 18),
(396, 'Thorntons Ltd', 151, '', 12, 18),
(397, 'Kinder Chocolate', 151, '', 13, 18),
(398, 'Keebler Company', 152, '', 14, 18),
(399, 'Famous Amos', 152, '', 15, 18),
(400, 'Kelsen Group', 152, '', 16, 18),
(401, 'Royal Dansk', 152, '', 17, 18),
(402, 'Kjeldsens', 152, '', 18, 18),
(403, 'Ferrara Candy Company', 116, '', 19, 18),
(404, 'Meredith Corporation', 73, '', 0, 19),
(405, 'Entertainment Weekly', 89, '', 1, 19),
(406, 'People', 89, '', 2, 19),
(407, 'Allrecipes.com, Inc.', 88, '', 3, 19),
(408, 'myspace', 110, '', 4, 19),
(409, 'Uber', 153, '', 5, 19),
(410, 'Careem', 155, '', 6, 19),
(411, 'Uber Eats', 154, '', 7, 19),
(412, 'Chick-fil-A', 22, '', NULL, NULL),
(413, 'Walmart Inc.', 125, '', 8, 19),
(414, 'Massmart', 125, '', 9, 19),
(415, 'Líder', 125, '', 10, 19),
(416, 'JD.com, Inc.', 45, '', 11, 19),
(417, 'JD Gaming', 156, '', 26, 0),
(418, 'Flipkart', 45, '', 12, 19),
(419, 'Asda Stores Ltd.', 37, '', 13, 19),
(420, 'Moosejaw.com', 45, '', 14, 19),
(421, 'Hayneedle, Inc.', 45, '', 16, 19),
(422, 'Shoes.com', 43, '', 17, 19),
(423, 'Amigo Supermarkets', 37, '', 18, 19),
(424, 'Bare Necessities', 44, '', 19, 19),
(425, 'Bodega Aurrerá', 125, '', 20, 0),
(426, 'Bonobos', 44, '', 21, 0),
(427, 'Seiyu Group', 37, '', 22, 0),
(428, 'Bompreço', 37, '', 23, 0),
(429, 'Sam\'s Club', 125, '', 24, 0),
(430, 'Child of Mine', 40, '', 25, 0),
(431, 'Target Corporation', 125, '', 15, 19),
(432, 'Shipt, Inc.', 157, '', 27, 0),
(433, 'Just One You', 40, '', 28, 0),
(434, 'Precious Firsts', 40, '', 29, 0),
(435, 'Genuine Kids', 40, '', 30, 0),
(436, 'Apple Inc.', 34, '', 31, 0),
(437, 'Beats Electronics LLC', 158, '', 32, 0),
(438, 'Claris International Inc.', 139, '', 33, 0),
(439, 'Beddit Oy', 34, '', 34, 0),
(440, 'Samsung Electronics Co., Ltd.', 34, '', 35, 0),
(441, 'SmartThings Inc.', 159, '', 36, 0),
(442, 'Harman International Industries, Inc.', 126, '', 37, 0),
(443, 'Viv', 141, '', 38, 0),
(444, 'Microsoft Corporation', 34, '', 39, 0),
(445, 'Microsoft Azure', 56, '', 20, 1),
(446, 'Bing', 160, '', 21, 1),
(447, 'LinkedIn Corporation', 110, '', 22, 1),
(448, 'GitHub, Inc.', 149, '', 23, 1),
(449, 'Atom', 149, '', 24, 2),
(450, 'Electron', 149, '', 25, 2),
(451, 'npm', 149, '', 24, 1),
(452, 'msn', 84, '', 25, 1),
(453, 'Skype Technologies S.A.R.L', 79, '', 26, 1),
(454, 'GroupMe', 161, '', 27, 1),
(455, 'Xbox Game Studios', 50, '', 28, 1),
(456, '343 Industries', 50, '', 29, 1),
(457, 'Compulsion Games', 50, '', 30, 1),
(458, 'Double Fine Productions, Inc.', 50, '', 31, 1),
(459, 'inXile Entertainment, Inc.', 50, '', 32, 1),
(460, 'Mojang Studios', 50, '', 33, 1),
(461, 'Ninja Theory', 50, '', 34, 1),
(462, 'Obsidian Entertainment, Inc.', 50, '', 35, 1),
(463, 'Playground Games Limited', 50, '', 36, 1),
(464, 'Rare Limited', 50, '', 37, 1),
(465, 'The Coalition', 50, '', 38, 1),
(466, 'Turn 10 Studios', 50, '', 39, 1),
(467, 'Undead Labs LLC', 50, '', 20, 2),
(468, 'AltspaceVR', 162, '', 21, 2),
(469, 'Havok', 149, '', 22, 2),
(470, 'Xamarin Inc.', 149, '', 23, 2),
(471, 'Shazam', 139, '', 26, 2),
(472, 'Postmates Inc.', 157, '', 27, 2),
(473, 'The Kroger Company', 125, '', 28, 2),
(474, 'Fred Meyer', 125, '', 29, 2),
(475, 'Fry\'s Food and Drug', 37, '', 30, 2),
(476, 'Harris Teeter Supermarkets, Inc.', 37, '', 31, 2),
(477, 'Home Chef', 163, '', 32, 2),
(478, 'King Soopers', 37, '', 33, 2),
(479, 'City Market', 37, '', 34, 2),
(480, 'Ralphs', 37, '', 35, 2),
(481, 'Roundy\'s', 37, '', 36, 2),
(482, 'Smith\'s Food and Drug', 37, '', 37, 2),
(483, 'Vitacost.com, Inc', 45, '', 38, 2),
(484, 'Murray\'s Cheese', 30, '', 39, 2),
(485, 'Cerberus Capital Management, L.P.', 64, '', 20, 3),
(486, 'Albertsons Companies, Inc.', 37, '', 21, 3),
(487, 'Acme Markets Inc.', 37, '', 22, 3),
(488, 'Jewel-Osco', 37, '', 23, 3),
(489, 'Lucky Stores', 37, '', 24, 3),
(490, 'Safeway Inc.', 37, '', 26, 3),
(491, 'Shaw\'s and Star Market', 37, '', 27, 3),
(492, 'United Supermarkets', 37, '', 28, 3),
(493, 'Vons', 37, '', 29, 3),
(494, 'Remington Outdoor Company, Inc.', 164, '', 30, 3),
(495, 'Advanced Armament Corporation', 164, '', 31, 3),
(496, 'Bushmaster Firearms International, LLC', 164, '', 32, 3),
(497, 'DPMS Panther Arms', 164, '', 33, 3),
(498, 'H&R 1871, LLC', 164, '', 34, 3),
(499, 'Marlin Firearms Co.', 164, '', 35, 3),
(500, 'Para USA, LLC', 164, '', 36, 3),
(501, 'Remington Arms Company, LLC', 164, '', 37, 3),
(502, 'BAWAG P.S.K.', 165, '', 38, 3),
(503, 'Haggen Food & Pharmacy', 37, '', 39, 3),
(504, 'Pavilions', 37, '', 20, 4),
(505, 'Randalls', 37, '', 21, 4),
(506, 'Tom Thumb', 37, '', 22, 4),
(507, 'Blue Bird Corporation', 126, '', 23, 4),
(508, 'DynCorp International Inc.', 166, '', 24, 4),
(509, 'Steward Health Care System', 58, '', 25, 4),
(510, 'Dillons Supermarkets, Inc.', 37, '', 26, 4),
(511, 'Baker\'s Supermarkets, Inc.', 37, '', 27, 4),
(512, 'Owen\'s Market, Inc.', 37, '', 28, 4),
(513, 'Pay Less Super Markets, Inc.', 37, '', 29, 4),
(514, 'JayC Food Stores', 37, '', 30, 4),
(515, 'Quality Food Centers, Inc.', 37, '', 31, 4),
(516, 'Ruler Foods', 37, '', 32, 4),
(517, 'Dell Technologies Inc.', 34, '', 33, 4),
(521, 'Alienware Corporation', 167, '', 34, 4),
(522, 'Secureworks Inc.', 145, '', 35, 4),
(523, 'VMware Inc.', 149, '', 36, 4),
(524, 'IBM', 34, '', 37, 4),
(525, 'Red Hat, Inc.', 139, '', 38, 4),
(526, 'The Weather Company', 168, '', 39, 4),
(527, 'Weather Underground', 168, '', 25, 3),
(528, 'Sony Corporation', 73, '', 20, 5),
(529, 'Sony Interactive Entertainment', 74, '', 21, 5),
(530, 'Audiokinetic Inc.', 149, '', 22, 5),
(531, 'SIE Worldwide Studios', 50, '', 21, 5),
(532, 'Polyphony Digital', 50, '', 23, 5),
(533, 'Bend Studio', 50, '', 24, 5),
(534, 'Guerrilla Games', 50, '', 25, 5),
(535, 'Insomniac Games, Inc.', 50, '', 26, 5),
(536, 'Media Molecule Ltd.', 50, '', 27, 5),
(537, 'Pixelopus', 50, '', 29, 5),
(538, 'Sucker Punch Productions', 50, '', 30, 5),
(539, 'Sony Pictures Entertainment Inc.', 74, '', 31, 5),
(540, 'AXN', 77, '', 32, 5),
(541, 'Sony Music Entertainment', 129, '', 33, 5),
(542, 'Aniplex Inc.', 128, '', 34, 5),
(543, 'Epic Records', 82, '', 35, 5),
(544, 'Kioon Music', 82, '', 36, 5),
(545, 'Columbia Records', 82, '', 37, 5),
(546, 'RCA Records', 82, '', 38, 5),
(547, 'Arista Records, Inc.', 82, '', 39, 5),
(548, 'Madison Gate Records', 82, '', 20, 6),
(549, 'Columbia Pictures Industries, Inc.', 75, '', 21, 6),
(550, 'Ghost Corps, Inc.', 75, '', 22, 6),
(551, 'Screen Gems, Inc.', 75, '', 23, 6),
(552, '2waytraffic', 169, '', 24, 6),
(553, 'Embassy Row', 169, '', 25, 6),
(554, 'Funimation Productions, LLC', 170, '', 26, 6),
(555, 'Madman Anime Group Pty. Ltd.', 170, '', 27, 6),
(556, 'AnimeLab', 80, '', 28, 6),
(557, 'Wakanim SAS', 80, '', 29, 6),
(558, 'Manga Entertainment Ltd.', 170, '', 30, 6),
(559, 'Silvergate Media', 169, '', 31, 6),
(560, 'TriStar Pictures, Inc.', 75, '', 32, 6),
(561, 'Legacy Recordings', 82, '', 33, 6),
(562, 'CloverWorks Inc.', 83, '', 34, 6),
(563, 'Facebook, Inc.', 110, '', 35, 6),
(564, 'Instagram', 110, '', 36, 6),
(565, 'GIPHY', 110, '', 37, 6),
(566, 'Mapillary', 144, '', 38, 6),
(567, 'Oculus VR', 162, '', 39, 6),
(568, 'Sanzaru Games, Inc.', 50, '', 20, 7),
(569, 'Ready At Dawn Studios', 50, '', 21, 7),
(570, 'WhatsApp Messenger', 161, '', 22, 7),
(571, 'ReactJS', 149, '', 23, 7),
(572, 'Twitter, Inc.', 110, '', 24, 7),
(573, 'Periscope', 42, '', 25, 7),
(574, 'Trendrr', 49, '', 26, 7);

INSERT INTO `issues` (`id`, `entity`, `type`, `issue`, `sourceurl`, `startdate`, `enddate`, `ongoing`, `contentwarning`) VALUES
(6, 10, 12, 'Pizza Hut was found guilty of paying delivery drivers below minimum wage.', 'https://www.fairwagelawyers.com/', '2014-07-01 00:00:00', NULL, NULL, NULL),
(7, 11, 3, 'Wendy\'s refuses to join the Fair Food Program, which would protect farmworkers from \"extreme poverty, sexual assault and modern-day slavery.\"', 'https://www.boycott-wendys.org/', '2005-01-01 00:00:00', NULL, 1, NULL),
(8, 12, 4, 'Arrowhead did not have the rights to take around three quarters of the water it bottled from San Bernardino National Forest.', 'https://web.archive.org/web/20171222190208/https://www.washingtonpost.com/national/energy-environment/nestle-warned-it-lacks-rights-to-california-spring-water/2017/12/21/df31f7be-e6b3-11e7-927a-e72eac1e73b6_story.html', '2017-12-21 00:00:00', NULL, 0, NULL),
(9, 13, 5, 'Various Nescafé coffee makers such as the Dolce Gusto and VertuoLine use proprietary coffee capsules, limiting customers from using different brands of coffee.', 'https://www.cnet.com/pictures/brew-free-or-die-pictures/3/', '2015-05-09 00:00:00', NULL, 1, NULL),
(10, 14, 6, 'Traces of horse meat were found in Buitoni pastas in Italy and Spain.', 'https://www.reuters.com/article/us-nestle-horsemeat/nestle-withdraws-pasta-meals-as-horsemeat-scandal-spreads-idUSBRE91H0RB20130219', '2013-02-18 00:00:00', NULL, 0, NULL),
(16, 11, 8, 'The Coalition of Immokalee Workers has called for a boycott of Wendy\'s due to their refusal to join the Fair Food Program.', 'https://www.boycott-wendys.org/', '2005-01-01 00:00:00', NULL, 1, NULL),
(17, 29, 9, 'The mascot is literally a racist stereotype.', 'https://www.nbcnews.com/news/us-news/aunt-jemima-brand-will-change-name-remove-image-quaker-says-n1231260', '1889-11-01 00:00:00', NULL, 1, NULL),
(18, 62, 9, 'Many former employees have spoken out about a racist and sexist work culture.', 'https://www.polygon.com/2020/6/23/21300435/cards-against-humanity-max-temkin-report', '2020-06-09 00:00:00', NULL, 0, NULL),
(19, 62, 10, 'Several sexual assault allegations have been made against co-founder Max Temkin, who stepped down from the company in June 2020.', 'https://www.polygon.com/2020/6/23/21300435/cards-against-humanity-max-temkin-report', '2020-06-09 00:00:00', NULL, 0, NULL),
(20, 62, 10, 'A former employee spoke out about other writers\' desire to include the n-word in the game and how he was fired for it. Coworkers also worked with his family to have him forcibly kept in a mental ward.', 'https://medium.com/@nicolas.j.carter/how-to-know-youre-not-insane-and-how-a-cards-against-humanity-staff-writer-was-fired-40fe07fbbfe4', '2020-06-25 00:00:00', NULL, 0, NULL),
(21, 115, 9, 'The dress code at Recipe Unlimited-owned Bier Markt restaurants was changed to require women to wear tight mini-dresses and heels or boots. After criticism, they returned to allowing gender-neutral uniforms again.  ', 'https://www.cbc.ca/news/health/cara-backtracks-on-skimpy-uniform-1.3294640', '2015-10-05 00:00:00', NULL, 0, NULL),
(22, 117, 6, 'An E. coli outbreak in one location infected over 200 people.', 'https://www.cbc.ca/news/e-coli-outbreak-in-north-bay-linked-to-harvey-s-restaurant-1.698586', '2008-10-16 00:00:00', NULL, 0, NULL),
(23, 123, 12, 'Dozens of locations were abruptly shut down as the company filed for bankruptcy, without giving workers advance notice. The next day, they filed for bankruptcy protection.', 'https://www.wcvb.com/article/several-new-england-papa-ginos-locations-abruptly-shut-down/24632102', '2018-11-05 00:00:00', NULL, 0, NULL),
(24, 132, 5, 'Red Lobster was found to have used imitation lobster meat in some of their dishes; a finding they have disputed. ', 'https://www.delish.com/food-news/a45936/cheap-fish-lobster-subsitute/', '2016-02-10 00:00:00', NULL, 0, NULL),
(25, 134, 5, 'A class-action lawsuit was filed against Naked Juice for misleading claims about their products\' nutritional benefits and ingredients. They settled for 9 million $USD.', 'https://www.beveragedaily.com/Article/2013/07/17/PepsiCo-brand-Naked-Juice-cuts-all-natural-claim-after-9m-US-payout', '2013-07-02 00:00:00', NULL, 0, NULL),
(26, 135, 10, 'At least 5 women have filed lawsuits against Monster for gender discrimination and sexual harassment.', 'https://www.huffpost.com/entry/monster-energy-lawsuits_n_5a6280c1e4b002283002ca27', '2016-01-01 00:00:00', NULL, 1, NULL),
(27, 135, 6, 'From 2003 to 2012 the FDA received five reports of deaths occurring after drinking Monster Energy.', 'https://www.nytimes.com/2012/10/23/business/fda-receives-death-reports-citing-monster-energy-a-high-caffeine-drink.html', '2003-01-01 00:00:00', '2012-12-31 00:00:00', 0, NULL),
(28, 135, 6, 'Several energy drinks - including Monster Energy - are banned in India due to a restriction on drinks that contain both ginseng and caffeine.', 'https://web.archive.org/web/20180624092911/https://www.telegraphindia.com/1150516/jsp/frontpage/story_20428.jsp', '2015-05-01 00:00:00', NULL, 1, NULL),
(29, 143, 8, 'A boycott was organized against Rockstar due to the CEO and CFO\'s relationships with Michael Savage, a radio host banned from the UK due to his homophobic views.', 'https://boston.edgemedianetwork.com/story.php?ch=news&sc=&sc2=features&sc3=&id=92432', '2007-10-24 00:00:00', '2009-07-12 00:00:00', 0, NULL),
(30, 150, 8, 'Vermonters for Justice in Palestine have called for a boycott of Ben & Jerry\'s due to their Israeli franchise selling ice cream in occupied West Bank and East Jerusalem. The boycott is supported by over 250 organizations.', 'https://www.vtjp.org/icecream/', '2013-03-26 00:00:00', NULL, 1, NULL),
(31, 151, 9, 'Dove released an advertisement depicting a black woman becoming white, implying that Dove body lotion could lighten skin. Dove apologized for the ad.', 'https://www.theguardian.com/world/2017/oct/08/dove-apologises-for-ad-showing-black-woman-turning-into-white-one', '2017-10-28 00:00:00', NULL, 0, NULL),
(32, 152, 15, 'Unilever filed a lawsuit against JUST, Inc for false advertising, claiming that they couldn\'t call their vegan \"Just Mayo\" product mayonnaise. The suit was dropped less than 2 months later.', 'https://www.huffpost.com/entry/just-mayo-lawsuit_n_6354824', '2014-10-31 00:00:00', NULL, 0, NULL),
(33, 170, 13, 'I\'m going to kill Baby Nut.', 'https://news.avclub.com/everyone-hates-the-baby-nut-except-for-other-brands-1841427458', '2020-02-02 00:00:00', NULL, 0, NULL),
(34, 171, 10, 'Founder David Portnoy joked that some people \"deserve to be raped,\" dismissed criticism of this joke, and refused to apologize. ', 'https://www.huffpost.com/entry/barstool-sports-rape-joke-_n_1293328', '2012-03-27 00:00:00', NULL, 0, 'Sexual Assault'),
(35, 171, 12, 'Founder David Portnoy threatened to fire Barstool employees if they tried to unionize and would \"smash\" any unionization attempts. He settled with the National Labor Relations Board by deleting the threatening tweets and getting rid of anti-union material.', 'https://www.cbsnews.com/news/barstool-sports-david-portnoy-settles-with-nlrb-over-anti-union-tweets-today-2020-01-22/', '2019-08-13 00:00:00', NULL, 0, NULL),
(36, 171, 13, 'After being accused of stealing a comedian\'s video and sharing it on their social media, Barstool fought against the accusation and later deleted thousands of their social media posts to avoid DMCA takedowns for other stolen content.', 'https://deadspin.com/barstool-sports-quietly-tries-to-un-fuckjerry-itself-d-1833162018', '2019-03-07 00:00:00', NULL, 0, NULL),
(37, 171, 9, 'Founder David Portnoy has a history of making racist comments, many directed at Colin Kaepernick, all of which he refuses to apologize for, and has doubled down and claimed that he is \"uncancellable.\"', 'https://variety.com/2020/digital/news/barstool-sports-dave-portnoy-racist-language-videos-1234693013/', '2020-07-02 00:00:00', NULL, 0, NULL),
(38, 175, 9, 'Actor Anthony Mackie has spoken about Marvel\'s lack of Black representation behind the scenes, outside of Black Panther.', 'https://variety.com/2020/tv/features/daveed-diggs-anthony-mackie-black-lives-matter-marvel-hamilton-1234690500/', '2020-06-28 00:00:00', NULL, 0, NULL),
(39, 172, 13, 'Disney has stopped daycare centers from painting trademarked characters like Mickey Mouse on their walls.', 'https://www.snopes.com/fact-check/daycare-center-murals/', '1989-08-08 00:00:00', NULL, 0, NULL),
(40, 66, 12, 'Whole Foods previously stocked products made by Haystack Mountain, a company that uses prison labor.', 'https://www.prisonlegalnews.org/news/2018/feb/8/cheese-made-using-prison-labor-cut-whole-foods/', '2018-02-08 00:00:00', NULL, 0, NULL),
(41, 63, 6, 'Amazon withheld information about COVID-19 test results in a Minnesota fulfillment center, leading to many infected workers staying at work. ', 'https://workdayminnesota.org/leaked-memo-reveals-amazon-misled-the-public-and-workers-about-covid-19-spread-in-minnesota/', '2020-06-30 00:00:00', NULL, 0, NULL),
(42, 198, 5, 'Naspers subsidiary DStv was found guilty of price fixing, and paid over 22 million ZAR in fines.', 'https://ewn.co.za/2017/05/26/dstv-agrees-to-pay-r22m-in-penalty-fees-after-admits-to-price-fixing', '2017-05-26 00:00:00', NULL, 0, NULL),
(43, 204, 9, 'Several employees and former employees of Riot Games spoke out about the sexism they experienced working there.', 'https://kotaku.com/inside-the-culture-of-sexism-at-riot-games-1828165483', '2018-08-07 00:00:00', NULL, 0, NULL),
(44, 204, 10, 'Employees have spoken out about sexism, sexual harassment, misgendering, and other abusive comments.', 'https://www.gamasutra.com/view/news/324333/Devs_corroborate_claims_of_sexist_culture_as_Riot_looks_for_way_forward.php', '2018-08-13 00:00:00', NULL, 0, NULL),
(45, 204, 10, 'COO of Riot Games, Scott Gelb, was placed on unpaid leave for two months after it was alleged that he sexually harassed multiple employees.', 'https://kotaku.com/top-riot-executive-suspended-without-pay-following-inve-1831084598', '2018-12-13 00:00:00', NULL, 0, NULL),
(46, 204, 10, 'A lawsuit against Riot Games regarding their gender discrimination and sexual harassment was settled for at least 10 million $USD.', 'https://www.ign.com/articles/2019/08/23/riot-games-settles-class-action-lawsuit-over-gender-discrimination', '2019-08-23 00:00:00', NULL, 0, NULL),
(47, 204, 12, 'Riot Games tried to prevent employees from taking legal action against them - stating that they needed to go through third-party arbitration instead.', 'https://kotaku.com/riot-files-motions-to-block-former-employees-from-takin-1834335897', '2019-04-26 00:00:00', NULL, 0, NULL),
(48, 204, 9, 'Global head of consumer relations Ron Johnson was placed on administrative leave and later resigned after he shared a social media post stating that George Floyd had been murdered by police \"because of his criminal lifestyle.\"', 'https://www.pcgamer.com/riot-games-executive-under-internal-investigation-for-george-floyd-comments/', '2020-06-10 00:00:00', NULL, 0, 'Death'),
(49, 95, 13, 'Amazon Publishing has been criticized for its incompetence as a publisher; \"nearly all\" of their books have sold poorly.', 'https://www.newyorker.com/magazine/2014/02/17/cheap-words', '2014-02-17 00:00:00', NULL, 0, NULL),
(50, 63, 4, 'Amazon emitted 44.4 million metric tons of carbon dioxide in 2018.', 'https://www.nytimes.com/2020/02/17/technology/jeff-bezos-climate-change-earth-fund.html', '2018-12-01 00:00:00', NULL, 0, NULL),
(51, 63, 7, 'Amazon has donated to the re-election campaign of US Senator Jim Inhofe, an outspoken climate change denier.', 'https://popular.info/p/these-corporations-are-quietly-bankrolling', '2020-02-03 00:00:00', NULL, 0, NULL),
(52, 66, 12, 'Amazon tracks and monitors Whole Foods stores it considers at risk of unionizing.', 'https://www.businessinsider.com.au/whole-foods-tracks-unionization-risk-with-heat-map-2020-1', '2020-04-21 00:00:00', NULL, 0, NULL),
(53, 63, 12, 'Amazon fired an employee who organized a protest against their lack of COVID-19 protections.', 'https://www.theregister.com/2020/04/02/amazon_coronavirus_firing/', '2020-04-02 00:00:00', NULL, 0, NULL),
(54, 63, 12, 'Workers in at least one warehouse had to work in 38ºC (100ºF) heat and suffered from dehydration. Amazon\'s initial response to this was to have an ambulance wait outside the warehouse to carry away sick employees.', 'https://web.archive.org/web/20190312013408/https://www.mcall.com/news/local/amazon/mc-allentown-amazon-complaints-20110917-story.html', '2015-08-17 00:00:00', NULL, 0, NULL),
(55, 63, 12, 'In response to criticisms that workers were not paid livable wages, Amazon\'s minimum wage in the US and UK was raised to 15 $USD, at the expense of losing their bonuses and stock awards.', 'https://www.bloomberg.com/news/articles/2018-10-03/amazon-eliminating-bonuses-stock-awards-to-help-pay-for-raises', '2018-10-03 00:00:00', NULL, 0, NULL),
(56, 63, 6, 'Amazon employees were told to work overtime during the COVID-19 outbreak as governments were instructing companies to limit social contact.', 'https://www.bbc.com/news/business-51921916', '2020-03-17 00:00:00', NULL, 0, NULL),
(57, 63, 13, 'Amazon has secured several contracts with the CIA, posing a potential conflict-of-interest with Jeff Bezos\' newspaper The Washington Post and their coverage of the CIA.', 'https://www.huffpost.com/entry/the-cia-amazon-bezos-and_b_4559317', '2014-01-08 00:00:00', '2018-08-13 00:00:00', 0, NULL),
(58, 63, 13, 'Amazon threatened the city council of Seattle in response to a tax proposal that would have lightly taxed Amazon in order to address homelessness in the city.', 'https://www.seattletimes.com/seattle-news/politics/business-backed-opponents-of-seattle-head-tax-outspent-supporters-2-to-1/', '2018-07-13 00:00:00', NULL, 0, NULL),
(59, 210, 9, 'Former editor-in-chief Adam Rapoport resigned after a photo of him in brownface resurfaced on social media.', 'https://nypost.com/2020/06/08/bon-appetit-editor-in-chief-called-to-resign-over-brownface-photo/', '2020-06-08 00:00:00', NULL, 0, NULL),
(60, 210, 9, 'Only white editors are paid to appear in videos on Bon Appétit\'s YouTube channel and white editors are paid more than people of color with more experience.', 'https://nypost.com/2020/06/08/bon-appetit-editor-in-chief-called-to-resign-over-brownface-photo/', '2020-06-08 00:00:00', NULL, 1, NULL),
(61, 210, 12, 'A video editor was suspended pending an investigation for his criticism of the company about their discriminatory practices.', 'https://www.businessinsider.com.au/conde-nast-suspends-bon-appetit-video-editor-2020-6', '2020-06-26 00:00:00', NULL, 0, NULL),
(62, 63, 14, 'Amazon sells facial recognition and surveillance technology to law enforcement.', 'https://www.aclu.org/blog/privacy-technology/surveillance-technologies/amazon-teams-government-deploy-dangerous-new', '2018-05-22 00:00:00', '2020-06-10 00:00:00', 0, NULL),
(63, 63, 15, 'Amazon is facing antitrust charges from the European Union due to their treatment of third-party sellers.', 'https://www.wsj.com/articles/amazon-to-face-antitrust-charges-from-eu-over-treatment-of-third-party-sellers-11591871818', '2020-06-11 00:00:00', NULL, 1, NULL),
(64, 63, 15, 'Amazon started warning users that a third-party plugin that automatically applies coupons is a security risk after it was purchased by PayPal.', 'https://www.theverge.com/2020/1/9/21059083/amazon-honey-browser-extension-security-risk-paypal-acquisition-competition', '2020-01-09 00:00:00', NULL, 0, NULL),
(65, 63, 15, 'Amazon partnered with Apple to allow only authorized Apple products to be sold on Amazon, which has been criticized by smaller resellers and prompted an FTC investigation. ', 'https://www.theverge.com/2019/8/2/20751482/ftc-amazon-apple-iphone-reseller-agreement-antitrust', '2019-08-02 00:00:00', NULL, 1, NULL),
(66, 63, 12, 'Delivery drivers suffer poor working conditions such as lack of overtime pay and time constraints that require them to skip meals and breaks.', 'https://www.businessinsider.com/amazon-delivery-drivers-reveal-claims-of-disturbing-work-conditions-2018-8', '2018-09-11 00:00:00', NULL, 1, NULL),
(67, 63, 13, 'Several news stations across the US all aired identically worded segments praising Amazon\'s response to the COVID-19 pandemic without clarifying that they had received their scripts from Amazon\'s PR department. ', 'https://www.theguardian.com/technology/2020/may/26/amazon-local-news-segments-pr-coronavirus', '2020-05-26 00:00:00', NULL, 0, NULL),
(68, 225, 6, 'In India, Maggi brand noodles were again found to have lead in them.', 'https://www.timesnownews.com/mirror-now/in-focus/article/nestle-admits-to-presence-of-lead-in-maggi-supreme-court-makes-scathing-observations/341058', '2019-01-04 00:00:00', NULL, 0, NULL),
(69, 225, 6, 'Maggi brand noodles were briefly banned in India due to high levels of lead and MSG found in them. ', 'https://timesofindia.indiatimes.com/india/Delhi-govt-bans-sales-of-Maggi-from-its-stores/articleshow/47525207.cms', '2015-06-03 00:00:00', NULL, 0, NULL),
(70, 225, 5, 'A commercial in the UK for Maggi noodles made inaccurate claims about their nutrition and health effects. When criticized for this, Nestlé\'s defense was that the ad were meant for Bangladesh, not the UK.', 'https://web.archive.org/web/20100612025352/http://www.independent.co.uk/news/business/news/nestle-criticised-for-child-health-claims-968404.html', '2008-10-22 00:00:00', NULL, 0, NULL),
(71, 227, 5, 'General Mills briefly changed its website\'s legal terms to include an arbitration clause preventing customers from engaging in class action lawsuits under some circumstances. After backlash, these terms were changed back. ', 'https://www.theglobeandmail.com/report-on-business/industry-news/the-law-page/general-mills-abandons-controversial-legal-policy-to-strip-consumers-of-rights/article18070962/', '2014-04-19 00:00:00', NULL, 0, NULL),
(72, 228, 4, 'The tapered shape design of Yoplait\'s yogurt cups has been criticized for accidentally trapping animals heads\' and killing wildlife.', 'https://www.huffingtonpost.ca/entry/yoplait-yogurt-wildlife-danger-skunk-cups_n_5602dde9e4b0fde8b0d0d5cf', '2015-09-23 00:00:00', NULL, 1, NULL),
(73, 64, 5, 'Audible has threatened software developers who produce software that allows circumvention of the Audible DRM. Audible audiobooks are still encoded with DRM.', 'https://www.lumendatabase.org/notices/3397#', '2004-04-20 00:00:00', NULL, 1, NULL),
(74, 253, 13, 'Poland Spring water is not actually from a spring; it\'s treated groundwater. Nestlé has been sued for false advertisement for this at least twice.', 'https://www.wwdmag.com/nestle-sued-falsely-advertising-poland-spring-water', '2003-06-19 00:00:00', NULL, 0, NULL),
(75, 187, 7, 'Comcast spends millions of dollars lobbying for various issues such as net neutrality and telecommunications.', 'https://www.opensecrets.org/federal-lobbying/clients/summary?cycle=2019&id=D000000461', '2019-12-31 00:00:00', NULL, 0, NULL),
(76, 187, 13, 'The American Customer Satisfaction Index found that Comcast had the worst customer satisfaction rating of any business in the USA.', 'https://web.archive.org/web/20090312061951/http://www.theacsi.org/index.php?option=com_content&task=view&id=86&Itemid=90', '2004-06-03 00:00:00', NULL, 0, NULL),
(77, 187, 13, 'Comcast was awarded the \"Worst Company in America\" award by the Consumerist twice.', 'https://consumerist.com/2014/04/08/congratulations-to-comcast-your-2014-worst-company-in-america/', '2014-04-08 00:00:00', NULL, 0, NULL),
(78, 187, 5, 'Comcast makes it incredibly difficult for customers to cancel their cable service.', 'https://time.com/2985964/comcast-cancel-ryan-block/', '2014-07-15 00:00:00', NULL, 0, NULL),
(79, 187, 5, 'Comcast was found to have violated the Consumer Protection Act almost half a million times by charging thousands of customers for their \"Service Protection Plan\" without their consent.', 'https://www.atg.wa.gov/news/news-releases/ag-ferguson-judge-finds-comcast-violated-consumer-protection-act-nearly-half', '2019-06-06 00:00:00', NULL, 0, NULL),
(80, 187, 14, 'The Electronic Frontier Foundation gave Comcast one star on their privacy report card.', 'https://www.eff.org/who-has-your-back-2017#comcast-report', '2017-07-10 00:00:00', NULL, 0, NULL),
(81, 273, 8, 'The National Hispanic Media Coalition and National Latino Media Council have criticized and boycotted Paramount for their poor track record hiring Latinx and Hispanic talent.', 'https://www.hollywoodreporter.com/news/nhmc-nhla-picket-paramount-pictures-second-time-two-months-1153274', '2018-10-17 00:00:00', NULL, 0, NULL),
(82, 275, 10, 'Former CEO Les Moonves was accused of sexual harassment and intimidation by a dozen women. After these allegations surfaced he was placed under investigation by CBS and stepped down as CEO.', 'https://www.newyorker.com/news/news-desk/as-leslie-moonves-negotiates-his-exit-from-cbs-women-raise-new-assault-and-harassment-claims', '2018-09-09 00:00:00', NULL, 0, NULL),
(83, 311, 13, 'Simon & Schuster signed a book deal with far-right internet troll Milo Yiannopoulos that received intense criticism. They eventually dropped the deal after an old video resurfaced in which Milo seemingly condoned pedophilic relationships.', 'https://news.avclub.com/updated-milo-yiannopoulos-loses-book-deal-speaking-gi-1798258031', '2016-12-29 00:00:00', '2017-02-20 00:00:00', 0, 'Pedophilia'),
(84, 337, 9, 'Moderators of subforums on Reddit have expressed frustration with its rampant racism.', 'https://www.msn.com/en-us/finance/companies/racism-is-rampant-on-reddit-and-its-editors-are-in-open-revolt/ar-BB15EWna', '2020-06-18 00:00:00', NULL, 1, NULL),
(85, 338, 6, 'Elon Musk defended an author after Amazon refused to publish their book due to COVID-19-related concerns. Pressure from Musk and others on social media led to Amazon publishing the book.', 'https://www.geekwire.com/2020/elon-musk-tweets-time-break-amazon-defends-author-dispute-covid-19-book/', '2020-06-04 00:00:00', NULL, 0, NULL),
(86, 340, 13, 'Walmart filed a lawsuit against Tesla for \"negligent installation and maintenance\" of solar panels, which caused fires at multiple Walmart stores. The lawsuit was dropped after a settlement was reached.', 'https://techcrunch.com/2019/11/05/walmart-reaches-settlement-with-tesla-over-solar-panel-fires-drops-lawsuit/', '2019-11-05 00:00:00', NULL, 0, NULL),
(87, 340, 10, 'After an employee leaked information about Tesla wasting large amounts of raw materials, he was fired. Investigators personally hired by Elon Musk hacked the employees phone, spied on him, and lied to the police about how the employee might \"come back and shoot people.\"', 'https://www.theverge.com/2019/3/13/18263757/tesla-elon-musk-employee-hack-spying-whistleblower-gigafactory-martin-tripp-drugs', '2019-03-13 00:00:00', NULL, 0, NULL),
(88, 340, 12, 'A safety official was fired in response to his reporting of unsafe working conditions and refusing to go along with illegal practices.', 'https://www.revealnews.org/blog/tesla-fired-safety-official-for-reporting-unsafe-conditions-lawsuit-says/', '2018-06-11 00:00:00', NULL, 0, NULL),
(89, 340, 12, 'An employee was fired after reporting that Tesla spied on workers and ignored the rampant drug dealing and theft taking place in one of their factories.', 'https://www.rgj.com/story/news/2018/08/16/tesla-ex-employee-alleges-theft-spying-drug-dealing-gigafactory-nevada/1011626002/', '2018-08-16 00:00:00', NULL, 0, NULL),
(90, 340, 12, 'An employee was fired after they told the Securities and Exchange Commission that Tesla illegally spied on its employees.', 'https://www.theverge.com/2019/3/11/18259786/tesla-spying-employees-security-manager-whistleblower-gigafactory-nevada', '2019-03-11 00:00:00', NULL, 0, NULL),
(91, 340, 6, 'Tesla fired an employee who criticized the company\'s COVID-19 safety measures.', 'https://www.mercurynews.com/2020/06/18/tesla-worker-who-criticized-coronavirus-safety-measures-receives-termination-notice/', '2020-06-18 00:00:00', NULL, 0, NULL),
(92, 340, 6, 'Tesla has fired several employees for staying home over COVID-19 fears despite CEO Elon Musk saying they could.', 'https://www.businessinsider.com/tesla-plant-firings-elon-musk-covid-19-staying-home-2020-7', '2020-07-01 00:00:00', NULL, 0, NULL),
(93, 340, 4, 'Tesla was found to be non-compliant with air quality regulations in one of their factories.', 'https://www.thedrive.com/tech/28338/documents-show-persistent-air-quality-non-compliance-at-tesla-factory', '2019-06-03 00:00:00', NULL, 0, NULL),
(94, 340, 13, 'Some Tesla car batteries catch fire so often that the National Highway Traffic Safety Administration is investigating it.', 'https://www.caranddriver.com/news/a29666731/nhtsa-investigation-tesla-fire-reports/', '2019-11-01 00:00:00', NULL, 0, NULL),
(95, 340, 12, 'Employees injured on the job in Tesla factories are often sent back to work or denied care, or sent to the emergency room in a ride-share instead of an ambulance.', 'https://www.revealnews.org/article/inside-teslas-factory-a-medical-clinic-designed-to-ignore-injured-workers/', '2018-11-05 00:00:00', NULL, 0, NULL),
(96, 340, 12, 'Tesla company executives have illegally sabotaged employees trying to form a union.', 'https://www.vox.com/identities/2019/9/30/20891314/elon-musk-tesla-labor-violation-nlrb', '2019-09-30 00:00:00', NULL, 0, NULL),
(97, 343, 13, 'SolarCity inflated the costs of their projects to qualify for higher tax credits in Oregon and had to pay back 13 million $USD to the state. ', 'https://www.oregonlive.com/politics/2018/10/oregon_claws_back_13_million_f.html', '2018-10-11 00:00:00', NULL, 0, NULL),
(98, 267, 14, 'Through their \"Hemisphere Project\" - paid for by the US Government - AT&T hands over call detail records to law enforcement without court involvement.', 'http://www.allgov.com/news/top-stories/forget-the-nsa-att-helps-dea-collect-even-more-phone-call-details-130903?news=851026', '2013-09-03 00:00:00', NULL, 1, NULL),
(99, 267, 14, 'AT&T received a one-star rating on the Electronic Frontier Foundation\'s privacy report card in 2017.', 'https://www.eff.org/who-has-your-back-2017#att-report', '2017-12-31 00:00:00', NULL, 0, NULL),
(100, 267, 14, 'AT&T was fined 25 million $USD by the Federal Communications Commission for breaking data privacy laws due to the theft of over 200,000 customers\' details. This was the largest fine ever issued by the FCC.', 'https://www.bbc.com/news/technology-32232604', '2015-04-09 00:00:00', NULL, 0, NULL),
(101, 58, 16, 'A lawsuit has been filed due to fairlife\'s claims that their cows are treated humanely. Undercover videos found widespread abuse at the farms that source fairlife dairy.', 'https://legalnewsline.com/stories/541474486-coca-cola-hit-with-class-action-over-treatment-of-cows-at-fair-oaks', '2020-06-25 00:00:00', NULL, 1, NULL),
(102, 42, 8, 'Strauss Group and its products are being boycotted as part of BDS. Strauss has boasted of their support by the IDF, including two brigades notorious for their human rights abuses.', 'http://bdslist.org/consumer/sabra-dipping-co-llc/', '2014-08-31 00:00:00', NULL, 1, NULL),
(103, 367, 12, 'FameBit has been criticized for its sexism, favoritism, and a generally toxic work environment.', 'https://www.glassdoor.com/Reviews/FameBit-Reviews-E1319725.htm', '2016-09-09 00:00:00', NULL, 0, NULL),
(104, 374, 14, 'DeepMind was given the personal data of 1.6 million patients from the Royal Free Hospital, who violated the Data Protection Act by providing it.', 'https://www.theguardian.com/technology/2017/jul/03/google-deepmind-16m-patient-royal-free-deal-data-protection-act', '2017-07-03 00:00:00', NULL, 0, NULL),
(105, 375, 10, 'A former director of X Development left the company after news surfaced that he had propositioned a hardware engineer during a job interview in 2013. At the time, X said that they had investigated and taken \"appropriate action.\"', 'https://www.cnet.com/news/google-exec-accused-of-sexual-harassment-leaves-company/', '2018-10-30 00:00:00', NULL, 0, NULL),
(106, 363, 10, 'Google has protected executives accused of sexual misconduct, including Andy Rubin - the \"father of Android\" - who coerced an employee into sexual acts in 2013.', 'https://www.nytimes.com/2018/10/25/technology/google-sexual-harassment-andy-rubin.html', '2018-10-25 00:00:00', NULL, 0, NULL),
(107, 386, 9, 'The Refugee and Immigrant Center for Education and Legal Services (RAICES) has refused a donation from Salesforce due to their contract with Customs and Border Patrol.', 'https://twitter.com/RAICESTEXAS/status/1019975176140701696', '2018-07-19 00:00:00', NULL, 0, NULL),
(108, 386, 12, 'Two employees of Salesforce were fired during a conference - in front of attendees - for giving a previously-approved presentation after missing texts instructing them to cancel them shortly before it began.', 'https://news.sky.com/story/security-researchers-fired-after-giving-talk-to-hackers-10981960', '2017-08-11 00:00:00', NULL, 0, NULL),
(109, 394, 6, 'Ferrero settled in a class-action lawsuit for 3 million $USD, due to false advertising regarding the health benefits of Nutella.', 'https://www.huffpost.com/entry/nutella-lawsuit_n_1457183', '2012-04-26 00:00:00', NULL, 0, NULL),
(110, 409, 15, 'Google subsidiary Waymo filed a lawsuit against Uber accusing a former employee of downloading thousands of company files, abruptly resigning, then sharing trade secrets with Uber. The two companies reached a 244 million $USD settlement.', 'https://arstechnica.com/tech-policy/2018/02/waymo-and-uber-end-trial-with-sudden-244-million-settlement/', '2018-02-09 00:00:00', NULL, 0, NULL),
(111, 409, 15, 'Uber is banned in many countries and criticized in others for being illegal taxicab operations.', 'https://www.telegraph.co.uk/travel/news/where-is-uber-banned/', '2018-06-26 00:00:00', NULL, 1, NULL),
(112, 409, 5, 'Uber raises prices for transport when demand is high, a policy criticized by both riders and drivers.', 'https://www.cnet.com/news/detest-ubers-surge-pricing-some-drivers-dont-like-it-either/', '2015-08-23 00:00:00', NULL, 1, NULL),
(113, 409, 4, 'The Union of Concerned Scientists has found that ridesharing services cause more carbon emissions than driving in ones own car.', 'https://www.ucsusa.org/sites/default/files/2020-05/catalyst-spring-2020.pdf', '2020-05-01 00:00:00', NULL, 1, NULL),
(114, 409, 17, 'A lawsuit has been filed against Uber about their limited wheelchair-accessible options.', 'https://www.sfchronicle.com/business/article/Uber-does-not-have-enough-wheelchair-accessible-12714533.php', '2018-02-27 00:00:00', NULL, 1, NULL),
(115, 409, 12, 'Uber settled a 20 million $USD lawsuit due to them misleading drivers about their potential earnings.', 'https://www.reuters.com/article/us-uber-ftc/uber-to-pay-20-million-to-settle-u-s-claims-it-misled-drivers-idUSKBN15334C', '2017-01-19 00:00:00', NULL, 0, NULL),
(116, 409, 14, 'Uber\'s \"God View\" - which allows employees to track its customers - has been criticized due to staff members using it to track journalists and politicians. ', 'https://www.buzzfeednews.com/article/johanabhuiyan/uber-is-investigating-its-top-new-york-executive-for-privacy', '2014-11-08 00:00:00', NULL, 0, NULL),
(117, 409, 10, 'Uber settled a lawsuit filed by its workers for harassment and discrimination they experienced while working at Uber.', 'https://money.cnn.com/2018/08/21/technology/uber-settlement/index.html', '2018-08-22 00:00:00', NULL, 0, NULL),
(118, 409, 18, 'Uber\'s CEO referred to journalist Jamal Khashoggi\'s assassination by the Saudi Arabian government as \"a mistake\" that could be forgiven.', 'https://www.siliconvalley.com/2019/11/11/uber-ceo-in-hot-water-after-calling-saudi-journalists-killing-a-mistake/', '2019-11-11 00:00:00', NULL, 0, NULL),
(119, 410, 14, 'A cyber attack led to the data of up to 14 million users being stolen.', 'https://www.thenational.ae/business/technology/ride-sharing-platform-careem-says-hit-by-cyber-attack-with-data-of-up-to-14-million-users-stolen-1.723927', '2018-04-23 00:00:00', NULL, 0, NULL),
(120, 409, 5, 'Uber received an F rating from the Better Business Bureau due to their poor responsiveness to consumer complaints.', 'https://www.forbes.com/sites/ellenhuet/2014/10/14/ubers-f-rating-at-better-business-bureau-isnt-for-surge-pricing-just-for-unresponsiveness/#778fde6cfd17', '2014-10-14 00:00:00', NULL, 0, NULL),
(121, 411, 15, 'Uber Eats is part of a lawsuit alleging that they and several other food delivery services abuse their power by requiring restaurants to charge the same menu prices for dine-in and delivery customers.', 'https://www.reuters.com/article/us-health-coronavirus-food-delivery-laws-idUSKCN21V2C1', '2020-04-13 00:00:00', NULL, 1, NULL),
(122, 412, 18, 'Chick-fil-A president Dan Cathy believes that the USA is \"inviting God\'s judgement on our nation\" by legalizing gay marriage.', 'https://www.ajc.com/business/what-dan-cathy-said/qOsEwVfhXbUCIp1hnEMQ4N/', '2012-07-26 00:00:00', NULL, 1, NULL),
(123, 412, 7, 'The Chick-fil-A Foundation donates hundreds of thousands of US dollars to anti-LGBT organizations.', 'https://thinkprogress.org/chick-fil-a-still-anti-gay-970f079bf85/', '2017-07-06 00:00:00', NULL, 1, NULL),
(124, 413, 12, 'The National Labor Relations Board found that Wal-Mart had illegally pressured employees not to engage in strikes and punished workers who did.', 'https://www.latimes.com/business/la-fi-mo-nlrb-walmart-20131119-story.html', '2013-11-19 00:00:00', NULL, 0, NULL),
(125, 419, 5, 'Asda and several other retailers were found guilty of price fixing dairy products, and was fined 18 million £GBP by the Office of Fair Trading.', 'https://web.archive.org/web/20130819154929/http://oft.gov.uk/news-and-updates/press/2011/89-11', '2002-01-01 00:00:00', '2003-12-31 00:00:00', 0, NULL),
(126, 419, 6, 'Horse meat was found in some Asda beef products.', 'https://www.theguardian.com/uk/2013/feb/14/horsemeat-beef-tests', '2013-02-15 00:00:00', NULL, 0, NULL),
(127, 431, 4, 'Target was fined 7.4 million $USD for dumping illegal waste in the garbage.', 'https://www.alcoda.org/newsroom/2018/dec/target_settlement', '2018-12-05 00:00:00', NULL, 0, NULL),
(128, 448, 13, 'GitHub has a contract with Immigration and Customs Enforcement (ICE) that has been criticized by many employees.', 'https://www.latimes.com/business/technology/story/2020-06-12/github-ceo-black-lives-matter-employees-demand-end-ice-contract', '2019-10-09 00:00:00', NULL, 1, NULL),
(129, 453, 14, 'Skype participates in the US government\'s PRISM program, giving the National Security Agency unlimited access to users\' chat and call logs.', 'https://www.theguardian.com/world/2013/jul/11/microsoft-nsa-collaboration-user-data', '2011-02-04 00:00:00', NULL, 1, NULL),
(130, 472, 15, 'Postmates is part of a lawsuit alleging that they and several other food delivery services abuse their power by requiring restaurants to charge the same menu prices for dine-in and delivery customers.', 'https://www.reuters.com/article/us-health-coronavirus-food-delivery-laws-idUSKCN21V2C1', '2020-04-13 00:00:00', NULL, 1, NULL),
(131, 480, 12, 'Ralphs locked out its workers after the United Food and Commercial Workers union declared a strike on competitor Vons. They later illegally rehired the locked out employees with fake names and social security numbers; they were fined 70 million $USD for this.', 'https://web.archive.org/web/20120324084503/http://www.signonsandiego.com/uniontrib/20061017/news_1b17ralphs.html', '2006-10-17 00:00:00', NULL, 0, NULL),
(132, 508, 19, 'A DynCorp subcontractor transported weapons to the Nicaraguan Contras in the Iran-Contra affair.', 'https://web.archive.org/web/20071012004647/http://www.prensarural.org/spip/spip.php?article673', '1985-08-20 00:00:00', '1987-03-04 00:00:00', 0, NULL),
(133, 508, 19, 'While training police officers in Bosnia, DynCorp employees purchased and trafficked Russian and Romanian girls for use as sex slaves.', 'https://web.archive.org/web/20071012004647/http://www.prensarural.org/spip/spip.php?article673', '1999-01-01 00:00:00', '2000-06-30 00:00:00', 0, 'Human Trafficking'),
(134, 508, 19, 'DynCorp is one of several US mercenary companies operating in Iraq, where several million US dollars of their funding has been lost to fraudulent and corrupt practices, and they have killed people without punishment.', 'https://web.archive.org/web/20071012004647/http://www.prensarural.org/spip/spip.php?article673', '2007-01-01 00:00:00', NULL, 1, 'Death'),
(135, 508, 19, 'DynCorp contractors paid for lap dances from a 15 year old boy in Afghanistan. The interior minister, Hanif Atmar, asked a US ambassador to \"quash\" the story. Several DynCorp employees were fired, but none have faced criminal charges. ', 'https://www.theguardian.com/world/us-embassy-cables-documents/213720', '2009-06-24 00:00:00', NULL, 0, 'Pedophilia'),
(136, 528, 4, 'Leaked documents revealed that Sony spied on environmental activists - specifically ones trying to hold electronics manufacturers accountable for cleaning up toxic chemicals in their products - so they could counter their movements.', 'https://www.motherjones.com/environment/2000/09/sonys-pr-war-activists/', '2000-09-22 00:00:00', NULL, 0, ''),
(137, 541, 8, 'After rape allegations were made against music producer Dr. Luke, artist Kesha tried to have her contract with Sony Music ended early. A court ruled she could not, which led to over 100,000 people called for a boycott of Sony Music.', 'http://www.nydailynews.com/news/national/kesha-supporters-call-sony-boycott-court-ruling-article-1.2538503', '2016-02-20 00:00:00', NULL, 0, 'Sexual Assault');

INSERT INTO `issuetype` (`id`, `name`, `icon`, `color`) VALUES
(4, 'Environmental', 'island', '#72DA94'),
(5, 'Consumer Rights', 'account-multiple', '#648CC1'),
(6, 'Health Concerns', 'medical-bag', '#E9ADAD'),
(7, 'Political Donations', 'cash-multiple', '#8CCD79'),
(8, 'Boycott', 'alert-octagon', '#FF5F5F'),
(9, 'Discrimination', 'account-cancel', '#B9A79D'),
(10, 'Harassment', 'human', '#9D6C94'),
(12, 'Worker\'s Rights', 'account-hard-hat', '#B8DA80'),
(13, 'Other', 'help-box', '#DF71D5'),
(14, 'Privacy', 'monitor-eye', '#8B99FF'),
(15, 'Anticompetitive', 'earth-off', '#74CD76'),
(16, 'Animal Rights', 'cow', '#B15B83'),
(17, 'Accessibility', 'wheelchair-accessibility', '#E99AE8'),
(18, 'Quotes', 'comment-quote', '#71BDD7'),
(19, 'War Crimes', 'skull', '#AF3333');

INSERT INTO `relationships` (`parent`, `child`, `relationtype`, `asOfDate`) VALUES
(13, 12, 1, '2020-07-07'),
(7, 6, 1, '2020-07-07'),
(7, 10, 1, '2020-07-07'),
(7, 21, 1, '2020-07-07'),
(7, 23, 1, '2020-07-07'),
(10, 22, 1, '2020-07-07'),
(20, 24, 1, '2020-07-07'),
(24, 25, 1, '2020-07-07'),
(20, 27, 1, '2020-07-07'),
(24, 28, 1, '2020-07-07'),
(24, 29, 1, '2020-07-07'),
(20, 30, 1, '2020-07-07'),
(20, 31, 1, '2020-07-07'),
(20, 32, 1, '2020-07-07'),
(20, 33, 1, '2020-07-07'),
(20, 34, 1, '2020-07-07'),
(20, 35, 1, '2020-07-07'),
(20, 36, 1, '2020-07-07'),
(20, 37, 1, '2020-07-07'),
(20, 38, 1, '2020-07-07'),
(20, 39, 1, '2020-07-07'),
(20, 40, 1, '2020-07-07'),
(20, 26, 1, '2020-07-07'),
(42, 43, 1, '2020-07-07'),
(20, 43, 1, '2020-07-07'),
(20, 45, 1, '2020-07-07'),
(44, 45, 1, '2020-07-07'),
(20, 48, 1, '2020-07-07'),
(49, 50, 1, '2020-07-07'),
(13, 51, 1, '2020-07-07'),
(49, 51, 1, '2020-07-07'),
(49, 52, 1, '2020-07-07'),
(49, 53, 1, '2020-07-07'),
(53, 54, 1, '2020-07-07'),
(53, 55, 1, '2020-07-07'),
(49, 56, 1, '2020-07-07'),
(49, 57, 1, '2020-07-07'),
(49, 58, 1, '2020-07-07'),
(49, 59, 1, '2020-07-07'),
(49, 60, 1, '2020-07-07'),
(56, 61, 1, '2020-07-07'),
(26, 41, 1, '2020-07-07'),
(63, 64, 1, '2020-07-07'),
(63, 65, 1, '2020-07-07'),
(63, 66, 1, '2020-07-07'),
(63, 67, 1, '2020-07-07'),
(68, 69, 1, '2020-07-07'),
(68, 70, 1, '2020-07-07'),
(63, 71, 1, '2020-07-07'),
(68, 71, 1, '2020-07-07'),
(63, 72, 1, '2020-07-07'),
(63, 73, 1, '2020-07-07'),
(73, 74, 1, '2020-07-07'),
(63, 75, 1, '2020-07-07'),
(63, 76, 1, '2020-07-07'),
(63, 77, 1, '2020-07-07'),
(63, 78, 1, '2020-07-07'),
(63, 79, 1, '2020-07-07'),
(63, 80, 1, '2020-07-07'),
(63, 81, 1, '2020-07-07'),
(63, 82, 1, '2020-07-07'),
(82, 83, 1, '2020-07-07'),
(63, 84, 1, '2020-07-07'),
(63, 86, 1, '2020-07-07'),
(63, 88, 1, '2020-07-07'),
(63, 89, 1, '2020-07-07'),
(63, 90, 1, '2020-07-07'),
(63, 85, 1, '2020-07-07'),
(63, 92, 1, '2020-07-07'),
(63, 93, 1, '2020-07-07'),
(93, 87, 1, '2020-07-07'),
(93, 94, 1, '2020-07-07'),
(63, 95, 1, '2020-07-07'),
(95, 96, 1, '2020-07-07'),
(95, 97, 1, '2020-07-07'),
(95, 98, 1, '2020-07-07'),
(95, 99, 1, '2020-07-07'),
(95, 100, 1, '2020-07-07'),
(95, 101, 1, '2020-07-07'),
(95, 102, 1, '2020-07-07'),
(95, 103, 1, '2020-07-07'),
(95, 104, 1, '2020-07-07'),
(95, 105, 1, '2020-07-07'),
(95, 106, 1, '2020-07-07'),
(95, 107, 1, '2020-07-07'),
(63, 108, 1, '2020-07-07'),
(63, 110, 1, '2020-07-07'),
(110, 109, 1, '2020-07-07'),
(110, 91, 1, '2020-07-07'),
(63, 111, 1, '2020-07-07'),
(93, 112, 1, '2020-07-07'),
(20, 113, 1, '2020-07-07'),
(115, 116, 1, '2020-07-07'),
(115, 117, 1, '2020-07-07'),
(115, 119, 1, '2020-07-07'),
(115, 120, 1, '2020-07-07'),
(115, 121, 1, '2020-07-07'),
(115, 118, 1, '2020-07-07'),
(115, 122, 1, '2020-07-07'),
(123, 124, 1, '2020-07-07'),
(125, 126, 1, '2020-07-07'),
(125, 128, 1, '2020-07-07'),
(128, 127, 1, '2020-07-07'),
(128, 129, 1, '2020-07-07'),
(125, 130, 1, '2020-07-07'),
(125, 131, 1, '2020-07-07'),
(125, 132, 1, '2020-07-07'),
(125, 133, 1, '2020-07-07'),
(20, 134, 1, '2020-07-07'),
(49, 135, 1, '2020-07-07'),
(49, 136, 1, '2020-07-07'),
(49, 137, 1, '2020-07-07'),
(49, 138, 1, '2020-07-07'),
(46, 139, 1, '2020-07-07'),
(49, 139, 1, '2020-07-07'),
(20, 140, 1, '2020-07-07'),
(45, 141, 1, '2020-07-07'),
(20, 142, 1, '2020-07-07'),
(20, 143, 1, '2020-07-07'),
(26, 144, 1, '2020-07-07'),
(25, 145, 1, '2020-07-07'),
(20, 146, 1, '2020-07-07'),
(20, 147, 1, '2020-07-07'),
(20, 149, 1, '2020-07-07'),
(20, 148, 1, '2020-07-07'),
(44, 150, 1, '2020-07-07'),
(44, 151, 1, '2020-07-07'),
(44, 152, 1, '2020-07-07'),
(44, 153, 1, '2020-07-07'),
(13, 153, 1, '2020-07-07'),
(44, 154, 1, '2020-07-07'),
(44, 155, 1, '2020-07-07'),
(44, 156, 1, '2020-07-07'),
(44, 157, 1, '2020-07-07'),
(44, 158, 1, '2020-07-07'),
(44, 160, 1, '2020-07-07'),
(159, 160, 1, '2020-07-07'),
(159, 161, 1, '2020-07-07'),
(44, 161, 1, '2020-07-07'),
(44, 162, 1, '2020-07-07'),
(44, 163, 1, '2020-07-07'),
(44, 164, 1, '2020-07-07'),
(165, 166, 1, '2020-07-07'),
(165, 167, 1, '2020-07-07'),
(166, 168, 1, '2020-07-07'),
(166, 169, 1, '2020-07-07'),
(166, 170, 1, '2020-07-07'),
(172, 173, 1, '2020-07-07'),
(172, 174, 1, '2020-07-07'),
(174, 175, 1, '2020-07-07'),
(174, 176, 1, '2020-07-07'),
(174, 177, 1, '2020-07-07'),
(177, 178, 1, '2020-07-07'),
(174, 179, 1, '2020-07-07'),
(174, 180, 1, '2020-07-07'),
(180, 181, 1, '2020-07-07'),
(183, 182, 1, '2020-07-07'),
(183, 184, 1, '2020-07-07'),
(183, 186, 1, '2020-07-07'),
(185, 186, 1, '2020-07-07'),
(187, 188, 1, '2020-07-07'),
(188, 189, 1, '2020-07-07'),
(172, 189, 1, '2020-07-07'),
(172, 190, 1, '2020-07-07'),
(190, 183, 1, '2020-07-07'),
(190, 191, 1, '2020-07-07'),
(190, 192, 1, '2020-07-07'),
(172, 193, 1, '2020-07-07'),
(172, 194, 1, '2020-07-07'),
(194, 195, 1, '2020-07-07'),
(195, 196, 1, '2020-07-07'),
(183, 197, 1, '2020-07-07'),
(198, 199, 1, '2020-07-07'),
(198, 200, 1, '2020-07-07'),
(200, 201, 1, '2020-07-07'),
(200, 202, 1, '2020-07-07'),
(200, 203, 1, '2020-07-07'),
(200, 204, 1, '2020-07-07'),
(200, 205, 1, '2020-07-07'),
(206, 207, 1, '2020-07-07'),
(206, 63, 1, '2020-07-07'),
(208, 209, 1, '2020-07-07'),
(209, 210, 1, '2020-07-07'),
(209, 211, 1, '2020-07-07'),
(209, 212, 1, '2020-07-07'),
(209, 213, 1, '2020-07-07'),
(209, 214, 1, '2020-07-07'),
(209, 215, 1, '2020-07-07'),
(209, 216, 1, '2020-07-07'),
(209, 217, 1, '2020-07-07'),
(209, 218, 1, '2020-07-07'),
(209, 219, 1, '2020-07-07'),
(209, 220, 1, '2020-07-07'),
(209, 221, 1, '2020-07-07'),
(209, 222, 1, '2020-07-07'),
(209, 223, 1, '2020-07-07'),
(20, 47, 1, '2020-07-07'),
(46, 47, 1, '2020-07-07'),
(13, 224, 1, '2020-07-07'),
(13, 225, 1, '2020-07-07'),
(13, 226, 1, '2020-07-07'),
(227, 228, 1, '2020-07-07'),
(227, 229, 1, '2020-07-07'),
(227, 232, 1, '2020-07-07'),
(227, 233, 1, '2020-07-07'),
(227, 234, 1, '2020-07-07'),
(227, 235, 1, '2020-07-07'),
(227, 236, 1, '2020-07-07'),
(227, 237, 1, '2020-07-07'),
(227, 238, 1, '2020-07-07'),
(166, 242, 1, '2020-07-07'),
(166, 243, 1, '2020-07-07'),
(167, 244, 1, '2020-07-07'),
(13, 247, 1, '2020-07-07'),
(13, 248, 1, '2020-07-07'),
(13, 249, 1, '2020-07-07'),
(13, 250, 1, '2020-07-07'),
(250, 251, 1, '2020-07-07'),
(250, 252, 1, '2020-07-07'),
(250, 253, 1, '2020-07-07'),
(13, 254, 1, '2020-07-07'),
(188, 255, 1, '2020-07-07'),
(255, 256, 1, '2020-07-07'),
(255, 257, 1, '2020-07-07'),
(255, 258, 1, '2020-07-07'),
(255, 259, 1, '2020-07-07'),
(188, 260, 1, '2020-07-07'),
(188, 262, 1, '2020-07-07'),
(188, 263, 1, '2020-07-07'),
(188, 264, 1, '2020-07-07'),
(188, 265, 1, '2020-07-07'),
(188, 266, 1, '2020-07-07'),
(187, 268, 1, '2020-07-07'),
(267, 268, 1, '2020-07-07'),
(268, 269, 1, '2020-07-07'),
(268, 270, 1, '2020-07-07'),
(268, 271, 1, '2020-07-07'),
(188, 261, 1, '2020-07-07'),
(272, 273, 1, '2020-07-07'),
(272, 274, 1, '2020-07-07'),
(272, 275, 1, '2020-07-07'),
(275, 276, 1, '2020-07-07'),
(276, 277, 1, '2020-07-07'),
(276, 279, 1, '2020-07-07'),
(276, 280, 1, '2020-07-07'),
(276, 281, 1, '2020-07-07'),
(276, 282, 1, '2020-07-07'),
(276, 283, 1, '2020-07-07'),
(276, 284, 1, '2020-07-07'),
(276, 285, 1, '2020-07-07'),
(276, 286, 1, '2020-07-07'),
(276, 287, 1, '2020-07-07'),
(276, 288, 1, '2020-07-07'),
(276, 289, 1, '2020-07-07'),
(272, 290, 1, '2020-07-07'),
(290, 291, 1, '2020-07-07'),
(290, 292, 1, '2020-07-07'),
(290, 293, 1, '2020-07-07'),
(290, 294, 1, '2020-07-07'),
(290, 295, 1, '2020-07-07'),
(290, 296, 1, '2020-07-07'),
(290, 297, 1, '2020-07-07'),
(290, 298, 1, '2020-07-07'),
(290, 299, 1, '2020-07-07'),
(299, 300, 1, '2020-07-07'),
(290, 301, 1, '2020-07-07'),
(290, 302, 1, '2020-07-07'),
(290, 303, 1, '2020-07-07'),
(272, 304, 1, '2020-07-07'),
(304, 305, 1, '2020-07-07'),
(305, 306, 1, '2020-07-07'),
(304, 307, 1, '2020-07-07'),
(307, 308, 1, '2020-07-07'),
(304, 309, 1, '2020-07-07'),
(304, 310, 1, '2020-07-07'),
(307, 311, 1, '2020-07-07'),
(267, 312, 1, '2020-07-07'),
(312, 313, 1, '2020-07-07'),
(312, 314, 1, '2020-07-07'),
(312, 315, 1, '2020-07-07'),
(312, 316, 1, '2020-07-07'),
(312, 317, 1, '2020-07-07'),
(312, 318, 1, '2020-07-07'),
(312, 319, 1, '2020-07-07'),
(312, 320, 1, '2020-07-07'),
(312, 321, 1, '2020-07-07'),
(312, 322, 1, '2020-07-07'),
(322, 323, 1, '2020-07-07'),
(312, 324, 1, '2020-07-07'),
(324, 325, 1, '2020-07-07'),
(324, 326, 1, '2020-07-07'),
(326, 327, 1, '2020-07-07'),
(324, 328, 1, '2020-07-07'),
(324, 329, 1, '2020-07-07'),
(313, 330, 1, '2020-07-07'),
(313, 331, 1, '2020-07-07'),
(313, 332, 1, '2020-07-07'),
(313, 333, 1, '2020-07-07'),
(313, 335, 1, '2020-07-07'),
(272, 336, 1, '2020-07-07'),
(313, 336, 1, '2020-07-07'),
(313, 334, 1, '2020-07-07'),
(208, 337, 1, '2020-07-07'),
(338, 339, 1, '2020-07-07'),
(338, 340, 1, '2020-07-07'),
(338, 341, 1, '2020-07-07'),
(338, 342, 1, '2020-07-07'),
(340, 343, 1, '2020-07-07'),
(344, 14, 1, '2020-07-07'),
(344, 345, 1, '2020-07-07'),
(227, 231, 1, '2020-07-07'),
(345, 231, 1, '2020-07-07'),
(345, 346, 1, '2020-07-07'),
(344, 347, 1, '2020-07-07'),
(347, 348, 1, '2020-07-07'),
(347, 349, 1, '2020-07-07'),
(344, 350, 1, '2020-07-07'),
(344, 351, 1, '2020-07-07'),
(351, 352, 1, '2020-07-07'),
(276, 278, 1, '2020-07-07'),
(159, 354, 1, '2020-07-07'),
(159, 355, 1, '2020-07-07'),
(159, 356, 1, '2020-07-07'),
(240, 245, 1, '2020-07-07'),
(13, 240, 1, '2020-07-07'),
(239, 240, 1, '2020-07-07'),
(240, 241, 1, '2020-07-07'),
(227, 241, 1, '2020-07-07'),
(240, 246, 1, '2020-07-07'),
(159, 353, 1, '2020-07-07'),
(357, 358, 1, '2020-07-07'),
(358, 359, 1, '2020-07-07'),
(358, 360, 1, '2020-07-07'),
(360, 361, 1, '2020-07-07'),
(358, 362, 1, '2020-07-07'),
(358, 363, 1, '2020-07-07'),
(358, 364, 1, '2020-07-07'),
(358, 365, 1, '2020-07-07'),
(358, 366, 1, '2020-07-07'),
(359, 367, 1, '2020-07-07'),
(358, 368, 1, '2020-07-07'),
(368, 369, 1, '2020-07-07'),
(357, 370, 1, '2020-07-07'),
(370, 371, 1, '2020-07-07'),
(357, 372, 1, '2020-07-07'),
(358, 373, 1, '2020-07-07'),
(357, 374, 1, '2020-07-07'),
(357, 375, 1, '2020-07-07'),
(375, 376, 1, '2020-07-07'),
(358, 377, 1, '2020-07-07'),
(368, 378, 1, '2020-07-07'),
(378, 379, 1, '2020-07-07'),
(358, 380, 1, '2020-07-07'),
(358, 381, 1, '2020-07-07'),
(358, 382, 1, '2020-07-07'),
(358, 383, 1, '2020-07-07'),
(357, 384, 1, '2020-07-07'),
(385, 386, 1, '2020-07-07'),
(386, 387, 1, '2020-07-07'),
(386, 388, 1, '2020-07-07'),
(386, 389, 1, '2020-07-07'),
(386, 390, 1, '2020-07-07'),
(386, 391, 1, '2020-07-07'),
(385, 392, 1, '2020-07-07'),
(393, 394, 1, '2020-07-07'),
(393, 395, 1, '2020-07-07'),
(393, 396, 1, '2020-07-07'),
(393, 397, 1, '2020-07-07'),
(393, 399, 1, '2020-07-07'),
(393, 398, 1, '2020-07-07'),
(393, 400, 1, '2020-07-07'),
(400, 401, 1, '2020-07-07'),
(400, 402, 1, '2020-07-07'),
(393, 403, 1, '2020-07-07'),
(404, 405, 1, '2020-07-07'),
(404, 406, 1, '2020-07-07'),
(404, 407, 1, '2020-07-07'),
(404, 408, 1, '2020-07-07'),
(409, 410, 1, '2020-07-07'),
(409, 411, 1, '2020-07-07'),
(413, 414, 1, '2020-07-07'),
(413, 415, 1, '2020-07-07'),
(200, 416, 1, '2020-07-07'),
(413, 416, 1, '2020-07-07'),
(416, 417, 1, '2020-07-07'),
(413, 418, 1, '2020-07-07'),
(413, 419, 1, '2020-07-07'),
(413, 420, 1, '2020-07-07'),
(413, 421, 1, '2020-07-07'),
(413, 422, 1, '2020-07-07'),
(413, 423, 1, '2020-07-07'),
(413, 424, 1, '2020-07-07'),
(413, 425, 1, '2020-07-07'),
(413, 426, 1, '2020-07-07'),
(413, 427, 1, '2020-07-07'),
(413, 428, 1, '2020-07-07'),
(413, 429, 1, '2020-07-07'),
(413, 430, 1, '2020-07-07'),
(68, 430, 1, '2020-07-07'),
(431, 432, 1, '2020-07-07'),
(431, 433, 1, '2020-07-07'),
(68, 433, 1, '2020-07-07'),
(431, 434, 1, '2020-07-07'),
(68, 434, 1, '2020-07-07'),
(431, 435, 1, '2020-07-07'),
(69, 435, 1, '2020-07-07'),
(436, 437, 1, '2020-07-07'),
(436, 438, 1, '2020-07-07'),
(436, 439, 1, '2020-07-07'),
(440, 441, 1, '2020-07-07'),
(440, 442, 1, '2020-07-07'),
(440, 443, 1, '2020-07-07'),
(444, 445, 1, '2020-07-07'),
(444, 446, 1, '2020-07-07'),
(444, 447, 1, '2020-07-07'),
(444, 448, 1, '2020-07-07'),
(448, 449, 1, '2020-07-07'),
(448, 450, 1, '2020-07-07'),
(448, 451, 1, '2020-07-07'),
(444, 452, 1, '2020-07-07'),
(444, 453, 1, '2020-07-07'),
(453, 454, 1, '2020-07-07'),
(444, 455, 1, '2020-07-07'),
(455, 456, 1, '2020-07-07'),
(455, 457, 1, '2020-07-07'),
(455, 458, 1, '2020-07-07'),
(455, 459, 1, '2020-07-07'),
(455, 460, 1, '2020-07-07'),
(455, 461, 1, '2020-07-07'),
(455, 462, 1, '2020-07-07'),
(455, 463, 1, '2020-07-07'),
(455, 464, 1, '2020-07-07'),
(455, 465, 1, '2020-07-07'),
(455, 466, 1, '2020-07-07'),
(455, 467, 1, '2020-07-07'),
(444, 468, 1, '2020-07-07'),
(444, 469, 1, '2020-07-07'),
(444, 470, 1, '2020-07-07'),
(436, 471, 1, '2020-07-07'),
(409, 472, 1, '2020-07-07'),
(473, 474, 1, '2020-07-07'),
(473, 475, 1, '2020-07-07'),
(473, 476, 1, '2020-07-07'),
(473, 477, 1, '2020-07-07'),
(473, 478, 1, '2020-07-07'),
(473, 479, 1, '2020-07-07'),
(473, 480, 1, '2020-07-07'),
(473, 481, 1, '2020-07-07'),
(473, 482, 1, '2020-07-07'),
(473, 483, 1, '2020-07-07'),
(473, 484, 1, '2020-07-07'),
(485, 486, 1, '2020-07-07'),
(486, 487, 1, '2020-07-07'),
(486, 488, 1, '2020-07-07'),
(486, 489, 1, '2020-07-07'),
(486, 490, 1, '2020-07-07'),
(486, 491, 1, '2020-07-07'),
(486, 492, 1, '2020-07-07'),
(486, 493, 1, '2020-07-07'),
(485, 494, 1, '2020-07-07'),
(494, 495, 1, '2020-07-07'),
(494, 496, 1, '2020-07-07'),
(494, 497, 1, '2020-07-07'),
(494, 498, 1, '2020-07-07'),
(494, 499, 1, '2020-07-07'),
(494, 500, 1, '2020-07-07'),
(494, 501, 1, '2020-07-07'),
(485, 502, 1, '2020-07-07'),
(486, 503, 1, '2020-07-07'),
(486, 504, 1, '2020-07-07'),
(486, 505, 1, '2020-07-07'),
(486, 506, 1, '2020-07-07'),
(485, 507, 1, '2020-07-07'),
(485, 508, 1, '2020-07-07'),
(485, 509, 1, '2020-07-07'),
(473, 510, 1, '2020-07-07'),
(510, 511, 1, '2020-07-07'),
(473, 512, 1, '2020-07-07'),
(473, 513, 1, '2020-07-07'),
(473, 514, 1, '2020-07-07'),
(473, 515, 1, '2020-07-07'),
(473, 516, 1, '2020-07-07'),
(517, 521, 1, '2020-07-07'),
(517, 522, 1, '2020-07-07'),
(517, 523, 1, '2020-07-07'),
(524, 525, 1, '2020-07-07'),
(524, 526, 1, '2020-07-07'),
(526, 527, 1, '2020-07-07'),
(528, 529, 1, '2020-07-07'),
(529, 530, 1, '2020-07-07'),
(529, 531, 1, '2020-07-07'),
(531, 532, 1, '2020-07-07'),
(531, 533, 1, '2020-07-07'),
(531, 534, 1, '2020-07-07'),
(531, 535, 1, '2020-07-07'),
(531, 536, 1, '2020-07-07'),
(531, 537, 1, '2020-07-07'),
(531, 538, 1, '2020-07-07'),
(528, 539, 1, '2020-07-07'),
(539, 540, 1, '2020-07-07'),
(528, 541, 1, '2020-07-07'),
(541, 542, 1, '2020-07-07'),
(541, 543, 1, '2020-07-07'),
(541, 544, 1, '2020-07-07'),
(541, 545, 1, '2020-07-07'),
(541, 546, 1, '2020-07-07'),
(541, 547, 1, '2020-07-07'),
(541, 548, 1, '2020-07-07'),
(539, 549, 1, '2020-07-07'),
(549, 550, 1, '2020-07-07'),
(539, 551, 1, '2020-07-07'),
(539, 552, 1, '2020-07-07'),
(539, 553, 1, '2020-07-07'),
(555, 556, 1, '2020-07-07'),
(554, 557, 1, '2020-07-07'),
(539, 559, 1, '2020-07-07'),
(539, 560, 1, '2020-07-07'),
(541, 561, 1, '2020-07-07'),
(542, 562, 1, '2020-07-07'),
(542, 554, 1, '2020-07-07'),
(554, 555, 1, '2020-07-07'),
(554, 558, 1, '2020-07-07'),
(563, 564, 1, '2020-07-07'),
(563, 565, 1, '2020-07-07'),
(563, 566, 1, '2020-07-07'),
(563, 567, 1, '2020-07-07'),
(567, 568, 1, '2020-07-07'),
(567, 569, 1, '2020-07-07'),
(563, 570, 1, '2020-07-07'),
(563, 571, 1, '2020-07-07'),
(572, 573, 1, '2020-07-07'),
(572, 574, 1, '2020-07-07');

INSERT INTO `synonym` (`entityid`, `synonym`) VALUES
(13, 'Nestle'),
(12, 'Arrowhead Mountain Spring Water'),
(6, 'KFC'),
(1, 'ass2'),
(20, 'Pepsi'),
(27, 'Tropicana'),
(30, 'Bluebird Foods'),
(32, 'Galletera Mexicana S.A. de C.V.'),
(33, 'Лебедянский'),
(34, 'Sabritas'),
(35, 'Сандора'),
(36, 'Simba'),
(38, 'SodaStream'),
(40, 'Wimm-Bill-Dann Foods'),
(40, 'Вимм-Билль-Данн'),
(26, 'Fritos'),
(26, 'Walkers'),
(42, 'Strauss-Elite'),
(42, 'שטראוס גרופ בע״מ'),
(42, 'שטראוס עלית'),
(49, 'Coca-Cola'),
(53, 'Glacéau'),
(70, 'Skip-Hop'),
(73, 'Internet Movie Database'),
(75, 'Twitch.tv'),
(78, 'w00t'),
(79, 'Iconology Inc.'),
(80, 'On-Demand Publishing, LLC'),
(86, 'Kiva Systems'),
(88, 'Immedia Semiconductor, LLC'),
(90, 'DPReview'),
(85, 'Double Helix Games'),
(92, 'Doorbot'),
(93, 'AWS'),
(94, 'Elemental Technologies'),
(96, 'Brilliance Audio'),
(105, 'Montlake Romance'),
(115, 'Cara Operations Limited'),
(118, 'Montana\'s Cookhouse'),
(126, 'Mavis Discount Tire'),
(129, 'PacSun'),
(135, 'Monster Energy'),
(140, 'South Beach Beverage Company'),
(148, 'Ice Cream USA'),
(152, 'Best Foods'),
(156, 'Lynx'),
(167, 'Heinz'),
(172, 'Disney'),
(178, 'Lucasfilm Games'),
(179, '20th Century Fox'),
(180, '20th Century Fox Animation'),
(182, 'ABC'),
(207, 'WaPo'),
(209, 'Conde-Nast'),
(218, 'Gentlemen\'s Quarterly'),
(47, '7Up'),
(47, '7-Up'),
(226, 'Purina'),
(229, 'Jeno\'s'),
(249, 'Delissio'),
(251, 'San Pellegrino'),
(251, 'Sanpellegrino S.p.A.'),
(255, 'Universal City Studios LLC'),
(255, 'Universal Studios'),
(260, 'National Broadcasting Company'),
(262, 'Sci-Fi Channel'),
(265, 'Entertainment Television'),
(274, 'Miramax Films'),
(275, 'Columbia Broadcasting System'),
(276, 'CBS Digital Media Group'),
(300, 'Garfield'),
(302, 'Black Entertainment Television'),
(314, 'Turner Broadcasting System'),
(315, 'Turner Network Television'),
(319, 'Hispanic Television'),
(322, 'HBO'),
(330, '[adult swim]'),
(331, 'Daniel Weiss Associates'),
(331, '17th Street Productions'),
(334, 'DC Comics'),
(339, 'Space Exploration Technologies Corp.'),
(340, 'Tesla Motors, Inc.'),
(351, 'Pearson\'s'),
(245, 'Dreyers'),
(240, 'R&R Ice Cream'),
(395, 'tic-tac'),
(416, 'Jingdong'),
(416, '360buy'),
(427, 'Seiyu GK'),
(428, 'Walmart Brazil'),
(429, 'Sam\'s West, Inc.'),
(437, 'Beats by Dre'),
(438, 'FileMaker Inc.'),
(439, 'Finsor Oy'),
(451, 'Node Package Manager'),
(455, 'Microsoft Games'),
(455, 'Microsoft Studios'),
(464, 'Rareware'),
(465, 'Zipline Studios'),
(465, 'Microsoft Game Studios Vancouver'),
(465, 'Black Tusk Studios'),
(469, 'Telekinesys Research Ltd.'),
(492, 'Amigos United'),
(497, 'Defense Procurement Manufacturing Services'),
(498, 'H&R Firearms'),
(498, 'Harrington & Richardson'),
(498, 'New England Firearms'),
(515, 'QFC'),
(524, 'International Business Machines Corporation'),
(531, 'Sony Interactive Entertainment Worldwide Studios'),
(534, 'Guerrilla B.V.'),
(544, 'Ki/oon Music');
COMMIT;